标题,链接
如何使用vb 监控电脑活动记录,https://www.jb51.net/article/207792.htm
如何用VBS脚本收集远程计算机或本地计算机安装的软件,https://www.jb51.net/article/206169.htm
vbs查询局域网内电脑的软件和硬件列表清单,https://www.jb51.net/article/203144.htm
vbs获取操作系统及其版本号,https://www.jb51.net/article/203143.htm
vbs源码之的IIS日志分析工具,https://www.jb51.net/article/194954.htm
vbs提示没有在该机执行windows脚本宿主的权限。请与系统管理员联系,https://www.jb51.net/article/193693.htm
自动以管理员身份运行批处理bat文件(vbs与bat两种方法),https://www.jb51.net/article/193691.htm
allfiles.vbs 显示子目录下的所有文件的修改时间、大小、文件名、扩展名等,https://www.jb51.net/article/192764.htm
简单用VBS调用企业微信机器人发定时消息的方法,https://www.jb51.net/article/190691.htm
Office 批量激活的命令工具 ospp详解,https://www.jb51.net/article/187915.htm
VBS定时执行idea程序的Testng文件的方法,https://www.jb51.net/article/184112.htm
VBScript 动态 Array 的实现代码,https://www.jb51.net/article/184095.htm
vbs小程序图标更改方法的实现,https://www.jb51.net/article/183877.htm
vbs ping实现的两种方式,https://www.jb51.net/article/183875.htm
ActiveX部件不能创建对象：dm.dmsoft代码：800A01AD,https://www.jb51.net/article/175946.htm
VBS遍历文件或文件夹路径输入文件的所有绝对路径（附源码）,https://www.jb51.net/article/175945.htm
VBS进程判断代码,https://www.jb51.net/article/175944.htm
使用VBS浏览本地文件的3种方式，获取完整路径,https://www.jb51.net/article/175943.htm
VBS遍历Excel工作表的实现代码,https://www.jb51.net/article/175942.htm
拖拽文件显示文件路径的vbs代码,https://www.jb51.net/article/175941.htm
vbs 读写注册表之系统启动项添加与删除,https://www.jb51.net/article/175934.htm
VBS打开当前脚本所在文件夹,https://www.jb51.net/article/175931.htm
运行vbs脚本报错无效字符、中文乱码的解决方法(编码问题),https://www.jb51.net/article/175879.htm
VBS怎么获取指定目录下的文件列表,https://www.jb51.net/article/175816.htm
vbs定期监控 值个班，定期瞄一下,https://www.jb51.net/article/172622.htm
监测windows主机网络接口利用率的vbs代码,https://www.jb51.net/article/172619.htm
磁盘IO利用率监控VBS脚本(windows),https://www.jb51.net/article/172602.htm
用vbs实现文本循环读取,https://www.jb51.net/article/172528.htm
VBS日期(时间)格式化函数代码,https://www.jb51.net/article/172363.htm
VBS递归创建多级目录文件夹的方法,https://www.jb51.net/article/172362.htm
Vbs备份指定文件到指定目录并且以日期重命名的实现代码,https://www.jb51.net/article/171102.htm
vbs 复制指定文件到指定目录下,https://www.jb51.net/article/171097.htm
"WINDOWS特有的消息常量标识符(vb,vbs常用)",https://www.jb51.net/article/171096.htm
VBS批量重命名文件并且操作前备份原有文件,https://www.jb51.net/article/171094.htm
使用vbs脚本实现自动打字祝福与搞笑实现代码,https://www.jb51.net/article/171090.htm
VBS一键配置VOIP脚本代码,https://www.jb51.net/article/171089.htm
使用VBS实现Hosts文件一键配置实现代码,https://www.jb51.net/article/171088.htm
VBS读取配置文件配置项的实现代码,https://www.jb51.net/article/171052.htm
"用vbs脚本获取网卡MAC,CPUID,硬盘序列号的实现代码",https://www.jb51.net/article/160483.htm
vbs实现的tasklist效果代码,https://www.jb51.net/article/160257.htm
vbs 自制数字益智游戏实现代码,https://www.jb51.net/article/159915.htm
VBS中常见字符串操作函数,https://www.jb51.net/article/159913.htm
vbs 获取字符串(截取字串),https://www.jb51.net/article/159912.htm
VBS中FileSystemObject对象详解(完整版),https://www.jb51.net/article/151993.htm
VBS脚本实现遍历批量替换多目录多文件内容的代码,https://www.jb51.net/article/151990.htm
抖音vbs表白代码大全 抖音vbscript表白代码使用方法,https://www.jb51.net/article/143019.htm
vbs-toolkit VBSEdit 提供 免费的COM组件,https://www.jb51.net/article/141582.htm
在vbscript中判断COM类是否存在的实现代码,https://www.jb51.net/article/141372.htm
15分钟学会vbscript中的正则表达式,https://www.jb51.net/article/141371.htm
VBS基础篇 vbscript Sendkeys模拟键盘操作,https://www.jb51.net/article/141356.htm
VBS基础篇 - vbscript TextStream对象,https://www.jb51.net/article/141355.htm
VBS数组函数学习实例分析,https://www.jb51.net/article/141335.htm
vbs操作txt文本文件常用方法与函数代码,https://www.jb51.net/article/141334.htm
VBS基础篇 - vbscript常用函数及功能,https://www.jb51.net/article/141333.htm
VBS基础篇 - wscript 对象详解,https://www.jb51.net/article/141267.htm
VBS基础篇 Err对象,https://www.jb51.net/article/141265.htm
VBS基础篇 - FileSystemObject对象详解,https://www.jb51.net/article/141247.htm
VBS 脚本中的字典、动态数组、队列和堆栈实现代码,https://www.jb51.net/article/141117.htm
VBS基础篇 - vbscript堆栈,https://www.jb51.net/article/141116.htm
VBS基础篇 - vbscript队列,https://www.jb51.net/article/141115.htm
VBS基础篇 - vbscript动态数组,https://www.jb51.net/article/141114.htm
VBS基础篇 - vbscript Dictionary对象,https://www.jb51.net/article/141113.htm
VBS基础篇 - vbscript class类的定义与使用,https://www.jb51.net/article/141112.htm
VBS基础篇 - VBScript过程（使用sub 与 Function定义函数）,https://www.jb51.net/article/141111.htm
VBS基础篇 - 循环(for、Do、While),https://www.jb51.net/article/141035.htm
VBS基础篇 - 条件语句(if与Select Case),https://www.jb51.net/article/141034.htm
VBS基础篇 - 运算符 图文详解,https://www.jb51.net/article/140795.htm
VBS基础篇 - Const 常量,https://www.jb51.net/article/140794.htm
VBS数组深入浅出,https://www.jb51.net/article/140793.htm
vbscript基础篇 - vbs数组Array的定义与使用方法,https://www.jb51.net/article/140792.htm
vbscript基础篇 - vbs变量定义与使用方法,https://www.jb51.net/article/140791.htm
VBS技术内幕：CreateObject函数详解,https://www.jb51.net/article/139209.htm
vbs能调用的系统对象小结,https://www.jb51.net/article/139208.htm
vbscript网页模拟登录效果代码,https://www.jb51.net/article/139201.htm
VBScript 根据IE窗口的标题输出ESC,https://www.jb51.net/article/139200.htm
杀死指定进程名称的小VBS,https://www.jb51.net/article/99008.htm
通过vbs修改以点结尾的文件的属性为隐藏,https://www.jb51.net/article/99006.htm
查询电脑开关机时间的vbs代码,https://www.jb51.net/article/99005.htm
vbs枚举进程 vbs列出进程的详细列表,https://www.jb51.net/article/99004.htm
VBA中的Timer函数用法,https://www.jb51.net/article/98817.htm
window通过vbs+bat实现自动在后台运行nodejs application,https://www.jb51.net/article/97594.htm
无法执行vbs脚本中遇到的问题及解决方案,https://www.jb51.net/article/97593.htm
在windows 64位操作系统上运行32位的vbscript的方法,https://www.jb51.net/article/97169.htm
ComboBox 控件的用法教程,https://www.jb51.net/article/96925.htm
VBS调用WMI遍历搜索硬盘文件并计数的方法,https://www.jb51.net/article/94502.htm
vbs判断磁盘类型和检测硬盘剩余空间的实现代码,https://www.jb51.net/article/94501.htm
对一个vbs脚本病毒的病毒原理分析,https://www.jb51.net/article/93157.htm
VC中实现文字竖排的简单方法(推荐),https://www.jb51.net/article/85408.htm
VBS获取GZIP压缩的HTTP内容的实现代码,https://www.jb51.net/article/78091.htm
VBS中Run和Exec的区别,https://www.jb51.net/article/78086.htm
VBS实现截图功能,https://www.jb51.net/article/72745.htm
VBS实现查询服务的制造商,https://www.jb51.net/article/72724.htm
VBS中解决带空格路径的三种方法,https://www.jb51.net/article/72721.htm
使用vbs删除host文件域址内容,https://www.jb51.net/article/72538.htm
使用vbs获取雅虎汇率,https://www.jb51.net/article/72178.htm
VBScript获取CPU使用率的方法,https://www.jb51.net/article/66351.htm
VBScript中On Error语句用法小结,https://www.jb51.net/article/66275.htm
VBS显示当前标准时间,https://www.jb51.net/article/66264.htm
VBS实现将当前时间转换成UTC时间,https://www.jb51.net/article/66263.htm
VBS脚本写的Windows硬件检测工具分享,https://www.jb51.net/article/63272.htm
vb下的恶搞关机程序,https://www.jb51.net/article/61993.htm
vbs脚本实现修改DNS和清空IE临时文件功能,https://www.jb51.net/article/61160.htm
通过vbs获取远程host文件并保存到指定目录,https://www.jb51.net/article/58651.htm
vbs实现unicode和ascii编码转换,https://www.jb51.net/article/57779.htm
用VBS写的VBSCRIPT代码格式化工具VbsBeautifier,https://www.jb51.net/article/55656.htm
ass2srt.vbs(ass/ssa批量转换srt的脚本),https://www.jb51.net/article/55655.htm
自定义vbs脚本实现开机后延时启动指定程序的方法,https://www.jb51.net/article/55466.htm
vbs结合wget 实现下载网站图片,https://www.jb51.net/article/54967.htm
使用VBS禁用、启动USB存储设备,https://www.jb51.net/article/54964.htm
vbs中获取脚本当前路径的2个方法,https://www.jb51.net/article/53720.htm
vbscript获取文件的创建时间、最后修改时间和最后访问时间的方法,https://www.jb51.net/article/53719.htm
使用vbscript生成36进制自动增长序号的实现代码,https://www.jb51.net/article/53710.htm
VBScript把json字符串解析成json对象的2个方法,https://www.jb51.net/article/53371.htm
MSScriptControl.ScriptControl组件属性、方法、事件介绍,https://www.jb51.net/article/53369.htm
MSScriptControl.ScriptControl组件的用法实例,https://www.jb51.net/article/53368.htm
Vbscript生成Excel报表的常用操作总结,https://www.jb51.net/article/53366.htm
Vbs脚本经典教材(最全的资料还是MSDN),https://www.jb51.net/article/53280.htm
vbs脚本实现下载jre包并静默安装的代码实例,https://www.jb51.net/article/53270.htm
BAT批处理、VBScript批量安装字体脚本分享,https://www.jb51.net/article/52957.htm
VBS中InStrRev函数的第三个参数(Start)使用注意事项,https://www.jb51.net/article/52923.htm
使用 Iisext.vbs 列出 Web 服务扩展文件的方法,https://www.jb51.net/article/52632.htm
使用 Iisext.vbs 删除 Web 服务扩展文件的方法,https://www.jb51.net/article/52630.htm
使用 Iisext.vbs 添加Web服务扩展文件的方法,https://www.jb51.net/article/52628.htm
使用 Iisext.vbs 启用Web服务扩展文件的方法,https://www.jb51.net/article/52627.htm
使用 Iisext.vbs 列出Web服务扩展的方法,https://www.jb51.net/article/52623.htm
使用 iisext.vbs 禁用 Web 服务扩展的方法,https://www.jb51.net/article/52621.htm
使用 Iisext.vbs 启用Web服务扩展的方法,https://www.jb51.net/article/52619.htm
使用 Iisext.vbs 删除应用程序依存关系的实现方法,https://www.jb51.net/article/52618.htm
使用 iisext.vbs 添加应用程序依存关系的实现方法,https://www.jb51.net/article/52617.htm
使用 iisext.vbs 启用应用程序的方法,https://www.jb51.net/article/52603.htm
使用 Iisftpdr.vbs 列出FTP虚拟目录(支持远程与本地),https://www.jb51.net/article/52602.htm
使用 Iisftpdr.vbs 删除FTP虚拟目录(支持本地与远程),https://www.jb51.net/article/52601.htm
使用 iisftpdr.vbs 创建 FTP 虚拟目录的方法,https://www.jb51.net/article/52597.htm
使用 Iisftp.vbs 设置Active Directory 用户隔离,https://www.jb51.net/article/52568.htm
使用 Iisftp.vbs 列出FTP站点的方法,https://www.jb51.net/article/52567.htm
使用 Iisftp.vbs 暂停FTP站点的方法,https://www.jb51.net/article/52566.htm
使用 Iisftp.vbs 停止FTP站点的方法,https://www.jb51.net/article/52565.htm
使用 Iisftp.vbs 启动FTP站点的方法,https://www.jb51.net/article/52564.htm
使用 Iisftp.vbs 删除FTP站点,https://www.jb51.net/article/52562.htm
使用 Iisftp.vbs 创建FTP站点的方法,https://www.jb51.net/article/52561.htm
使用 Adsutil.vbs iis管理脚本,https://www.jb51.net/article/52559.htm
使用 Iisweb.vbs 暂停网站的方法,https://www.jb51.net/article/52556.htm
使用 iisweb.vbs 列出网站的方法,https://www.jb51.net/article/52554.htm
使用 iisweb.vbs 删除网站的方法(支持批量删除),https://www.jb51.net/article/52550.htm
使用 iisweb.vbs start 启动网站的方法,https://www.jb51.net/article/52475.htm
Iiscnfg.vbs IIS 配置脚本,https://www.jb51.net/article/52440.htm
iisvdir.vbs iis虚拟目录管理脚本使用介绍,https://www.jb51.net/article/52421.htm
iisweb.vbs iis网站管理脚本使用介绍,https://www.jb51.net/article/52420.htm
vbs 解析html文档的方法(htmlfile),https://www.jb51.net/article/51219.htm
vbs 解析json jsonp的方法,https://www.jb51.net/article/51217.htm
vbs脚本实现批量转换文件编码,https://www.jb51.net/article/51030.htm
VBScript版的PHP extract()函数,https://www.jb51.net/article/50885.htm
Wscript 和 Cscript 运行脚本的区别详解,https://www.jb51.net/article/50712.htm
VBS下载者(通过vbscript实现文件下载),https://www.jb51.net/article/50538.htm
vbs 定时删除功能实现代码,https://www.jb51.net/article/50530.htm
使用vbs脚本定时删除N天前的文件,https://www.jb51.net/article/50528.htm
vbs实现的保存剪贴板中的文本并编辑或保存,https://www.jb51.net/article/50351.htm
vbs qq自动发信息增强版,https://www.jb51.net/article/49993.htm
vbs qq自动登录脚本改进版,https://www.jb51.net/article/49992.htm
使用VBS获取当前日期的前一天 并修正输出格式,https://www.jb51.net/article/49605.htm
vbs获取当前时间日期的代码,https://www.jb51.net/article/49604.htm
vbs获取当前路径的代码,https://www.jb51.net/article/49603.htm
vbs Size 属性使用介绍(获取文件大小),https://www.jb51.net/article/49602.htm
vbs 查找硬盘分区中指定扩展名文件的实现代码,https://www.jb51.net/article/49601.htm
vbscript Split函数用法详解(字符串转数组函数),https://www.jb51.net/article/49600.htm
vbs重启TP-Link路由器示例,https://www.jb51.net/article/49363.htm
获得文件夹大小的VBS代码,https://www.jb51.net/article/49202.htm
VBS文本文件操作实现代码,https://www.jb51.net/article/49201.htm
vbs复制文件夹的实现代码,https://www.jb51.net/article/49200.htm
vbs实现只复制比目标文件更新的文件,https://www.jb51.net/article/49195.htm
使用vbs获得外网ip并发送到邮箱里,https://www.jb51.net/article/48285.htm
VBS调用Photoshop批量生成缩略图的代码,https://www.jb51.net/article/44704.htm
VBS获取文件MD5值（无组件）,https://www.jb51.net/article/43726.htm
利用VBS实现显示系统服务列表,https://www.jb51.net/article/42737.htm
查看系统C盘剩余空间的VBS脚本,https://www.jb51.net/article/42735.htm
VBS读取注册表的两种方法,https://www.jb51.net/article/41096.htm
VBS获取当前目录下所有文件夹名字的代码,https://www.jb51.net/article/41095.htm
vbs 获取当前目录文件数量的代码(不包括子文件夹中的),https://www.jb51.net/article/41093.htm
vbs 获取当前目录的实现代码,https://www.jb51.net/article/41089.htm
VBScript 输出中的对齐实现方法,https://www.jb51.net/article/41041.htm
VBScript 监控并结束指定进程的代码,https://www.jb51.net/article/41040.htm
VBScript之通过对比注册表查找隐藏的服务,https://www.jb51.net/article/41039.htm
可以修改脚本自身运行次数的vbs(Self modifying script),https://www.jb51.net/article/40817.htm
VBS监视网络连接与断开的代码,https://www.jb51.net/article/40105.htm
VBS 添加右键计算文件MD5的实现代码,https://www.jb51.net/article/40104.htm
vbs通过WMI修改文件文件夹的NTFS权限,https://www.jb51.net/article/40103.htm
VBS 正则判别素数(质数),https://www.jb51.net/article/40102.htm
VBS 提取狗狗影视中的ED2K连接的实现代码,https://www.jb51.net/article/40100.htm
VBS 十六进制异或加密实现代码,https://www.jb51.net/article/40097.htm
VBE decoder,https://www.jb51.net/article/40095.htm
VBS 加解密 For MS Script Encode,https://www.jb51.net/article/40093.htm
VBS 加解密 For CAPICOM,https://www.jb51.net/article/40091.htm
WMI 创建系统服务的实现代码(Automatic),https://www.jb51.net/article/40086.htm
VBS 自动登录论坛的实现代码,https://www.jb51.net/article/40066.htm
VBS 获取外网IP的实现代码,https://www.jb51.net/article/40065.htm
VBS获取外网IP地址并发送到指定邮箱的代码,https://www.jb51.net/article/40064.htm
VBScript 打造自己的远程CMDShell附使用教程,https://www.jb51.net/article/40063.htm
VBScript Enun Remote CMD Shell代码,https://www.jb51.net/article/40062.htm
VBScript 监控磁盘更改事件实现代码,https://www.jb51.net/article/40061.htm
vbs 脚本错误:操作中文件名或类名未找到的解决方法,https://www.jb51.net/article/40058.htm
Win7下VHD文件右键增强实现代码(vbs+注册表),https://www.jb51.net/article/40057.htm
VBScript根据盘符找设备名的代码,https://www.jb51.net/article/40056.htm
利用VBS脚本修改联想笔记本BIOS密码的代码分享,https://www.jb51.net/article/40055.htm
使用VBS修改二进制文件HEX数据,https://www.jb51.net/article/40044.htm
去掉RAR右键解压菜单的VBS代码,https://www.jb51.net/article/40043.htm
VBSCript之GenerateSDDL函数(权限设置),https://www.jb51.net/article/40042.htm
用VBScript制作QQ自动登录的脚本代码,https://www.jb51.net/article/39923.htm
通过vbs修改目录名称与快捷方式名称的实现代码,https://www.jb51.net/article/39863.htm
用VBS实现的凯撒密码算法,https://www.jb51.net/article/36616.htm
VBS中CreateObject和WScript.CreateObject的区别介绍,https://www.jb51.net/article/36615.htm
VBS中的SetLocale函数到底有什么用？,https://www.jb51.net/article/36614.htm
支持断点下载的VBS代码,https://www.jb51.net/article/36613.htm
vbs 多线程下载实现代码,https://www.jb51.net/article/36612.htm
VBS数组函数学习实例分析,https://www.jb51.net/article/35405.htm
VBS监控CPU的使用率(如占用率一直维持在80%超过30秒则运行某程序),https://www.jb51.net/article/35312.htm
vbscript实现的根据不同时间段显示不同的欢迎语,https://www.jb51.net/article/35300.htm
使用vbs脚本添加程序到自启动项的代码,https://www.jb51.net/article/33431.htm
使用VBS访问外部文本文件一些方法和脚本实例代码,https://www.jb51.net/article/33428.htm
VBS实现的系统服务备份优化代码,https://www.jb51.net/article/33427.htm
vbs打开ie两种方法 在VBScript中启动IE浏览器的实现代码,https://www.jb51.net/article/33426.htm
一些很恶作剧的vbs程序代码,https://www.jb51.net/article/33311.htm
vbs向指定的文件添加内容的函数,https://www.jb51.net/article/33290.htm
Hardware_Info.vbs 获取硬件信息的VBS代码,https://www.jb51.net/article/33273.htm
vbsTree VBS脚本模拟tree命令,https://www.jb51.net/article/33271.htm
VBS 强制关闭Symantec Endpoint Protection的代码,https://www.jb51.net/article/33270.htm
VBS 修改远程桌面端口号的代码,https://www.jb51.net/article/33268.htm
VBS实现工作表按指定表头自动分表,https://www.jb51.net/article/33267.htm
VBS 硬盘读写统计(分区读写统计),https://www.jb51.net/article/33265.htm
VBS合并一个文件夹里的TXT的实现代码,https://www.jb51.net/article/33258.htm
VBS中获取系统本次及上次开关机时间的代码(WinXP/win2003/Win7兼容版),https://www.jb51.net/article/33257.htm
校准系统时间的VBS代码,https://www.jb51.net/article/33255.htm
用VBS实现的发送带Cookie的HTTP请求的代码,https://www.jb51.net/article/33248.htm
在VBS中定义字节数组Byte()介绍,https://www.jb51.net/article/33247.htm
用VBS读写二进制文件的另一种方法分享,https://www.jb51.net/article/33246.htm
QWERTY密码：加密与解密vbs版,https://www.jb51.net/article/33245.htm
VBS For Next循环的陷阱分享,https://www.jb51.net/article/33244.htm
VBS For Next循环的一些细节,https://www.jb51.net/article/33243.htm
用VBS修改（设置）系统时间和日期的代码,https://www.jb51.net/article/33242.htm
WScript.Shell对象SpecialFolders属性未公开文档分享,https://www.jb51.net/article/33241.htm
邪恶的eval和new Function使用介绍,https://www.jb51.net/article/32850.htm
dim函数第三个参数设置截取字符的长度问题,https://www.jb51.net/article/32539.htm
关于vbs 生成静态页面过程中出现的问题,https://www.jb51.net/article/32536.htm
vbs解决处理TXT文本数据相关问题实现代码,https://www.jb51.net/article/32534.htm
VBS实现将Excel表格保存为txt文本,https://www.jb51.net/article/32532.htm
VBS加密14法你会几种 VBS加密免杀浅谈,https://www.jb51.net/article/32439.htm
了解VBE VBE则是编译后(加密)的VBS代码,https://www.jb51.net/article/32432.htm
VBS基础教程,https://www.jb51.net/article/32430.htm
EXE2BAT(EXE转BAT)的vbs脚本,https://www.jb51.net/article/31995.htm
获取远程机器共享目录的物理路径的代码,https://www.jb51.net/article/30339.htm
vbscript的骨灰级写法计算1到100的和,https://www.jb51.net/article/30338.htm
获取外网IP并发送到指定邮箱的vbs代码[已测],https://www.jb51.net/article/30315.htm
使用脚本调用系统的关机对话框实现代码,https://www.jb51.net/article/30309.htm
Win2003里用命令行刷新硬件列表，以扫描硬件改动的实现代码,https://www.jb51.net/article/30301.htm
使用脚本自动压缩指定目标下的所有文件的代码,https://www.jb51.net/article/29795.htm
VBScript压缩单个文件为zip格式,https://www.jb51.net/article/29534.htm
用VBScript实现解压缩目录中的所有文件(Zip),https://www.jb51.net/article/29533.htm
用VBScript实现压缩目录中的所有文件(Zip),https://www.jb51.net/article/29532.htm
VBS实现将字符串写入剪切板的实现代码,https://www.jb51.net/article/29374.htm
VBS创建正则表达式对象的两种方法,https://www.jb51.net/article/29365.htm
VBS正则表达式对象的MultiLine属性,https://www.jb51.net/article/29364.htm
ASP/VBScript中CHR(0)的由来以及带来的安全问题分析,https://www.jb51.net/article/29359.htm
VBS字符串的内部实现,https://www.jb51.net/article/29358.htm
VBS脚本和BAT批处理删除自身的方法,https://www.jb51.net/article/29321.htm
bookfind 通过ISBN序号获取图书连接的书名与作者的vbs代码,https://www.jb51.net/article/29249.htm
WMI StdRegProv 通过wmi操作注册表的vbscript实现代码 (本地或远程),https://www.jb51.net/article/29245.htm
vbscript Registry 注册表操作实现代码(读写删除),https://www.jb51.net/article/29244.htm
将信息保存到一个XML文件的vbs代码,https://www.jb51.net/article/29243.htm
从XML文件中获取信息的vbs代码,https://www.jb51.net/article/29242.htm
用vbs读取Excel文件的函数代码,https://www.jb51.net/article/29241.htm
网络接口利用率监控VBS脚本代码（Windows）,https://www.jb51.net/article/29238.htm
读取Access数据库的vbscript代码打包下载,https://www.jb51.net/article/29237.htm
运行bat时隐藏cmd窗口的方法(bat隐藏窗口 隐藏运行bat文件),https://www.jb51.net/article/29235.htm
VBS版百度贴吧代码格式化调整工具,https://www.jb51.net/article/29234.htm
VBS基础视频教程 批处理之家broly出品,https://www.jb51.net/article/29073.htm
TXT转HTM、HTML「TXT转网页」的vbs实现代码,https://www.jb51.net/article/28858.htm
用VBS控制鼠标的实现代码（获取鼠标坐标、鼠标移动、鼠标单击、鼠标双击、鼠标右击）,https://www.jb51.net/article/28692.htm
VBS通过WMI获取CPU使用率的代码,https://www.jb51.net/article/28690.htm
VBS打开选择文件对话框代码（Win7）,https://www.jb51.net/article/28689.htm
Msxml2.XMLHTTP Msxml2.ServerXMLHTTP与缓存,https://www.jb51.net/article/28685.htm
VBS变量名Wsh等于WScript对象？,https://www.jb51.net/article/28684.htm
VBS面向对象编程与Me关键字使用介绍,https://www.jb51.net/article/28683.htm
VBS类构造函数与Default关键字使用介绍,https://www.jb51.net/article/28682.htm
用vbs产生的若干个随机数并写入到一个.txt中的代码,https://www.jb51.net/article/28313.htm
vbs 批量修改文件，bat 批处理文件调用执行vbs，并在cmd窗口打印返回值（vbs运行结果）,https://www.jb51.net/article/28312.htm
利用VBS发送短信的实现代码(通过飞信),https://www.jb51.net/article/27910.htm
提权vbs代码,https://www.jb51.net/article/27376.htm
vbs 注册表操作类代码,https://www.jb51.net/article/27134.htm
vbs列出内网的中计算机（工作组也可以）,https://www.jb51.net/article/27133.htm
用vbs来探测端口的代码 不用注册winsock,https://www.jb51.net/article/27132.htm
用VBS精确计算100的阶乘的实现代码,https://www.jb51.net/article/26810.htm
VBS中InputBox函数的返回值使用技巧,https://www.jb51.net/article/26809.htm
VBS获取重定向的URL的代码,https://www.jb51.net/article/26808.htm
VBS 两数相加取值问题分析,https://www.jb51.net/article/26577.htm
实现winrar密码破解的vbs代码,https://www.jb51.net/article/26392.htm
VBS加密解密源码(UserAccounts.CommonDialog) 脚本之家修正版,https://www.jb51.net/article/26391.htm
VBS 显示“选择文件或文件夹”对话框的代码,https://www.jb51.net/article/26390.htm
vbs sendKeys 16进制的结合使用(打开IE，静音，打开播放器等),https://www.jb51.net/article/26389.htm
vbs sendKeys Virtual-Key Codes 十六进制符号,https://www.jb51.net/article/26388.htm
vbs整人代码大集合 多年的代码收集,https://www.jb51.net/article/26385.htm
Crack8 VBS整人脚本 你不说你爱我 就关机,https://www.jb51.net/article/26384.htm
用VBS实现音乐播放的多个代码小结,https://www.jb51.net/article/26383.htm
用VBS实现监视进程创建与删除的代码,https://www.jb51.net/article/26380.htm
网络连接状态建立于断开的VBS脚本,https://www.jb51.net/article/26319.htm
VBS伪造HTTP-REFERER的实现方法,https://www.jb51.net/article/26211.htm
VBS访问剪贴板的几种方法小结,https://www.jb51.net/article/26210.htm
VBS中的标识符（Identifiers）,https://www.jb51.net/article/26209.htm
vbs中将GB2312转Unicode的代码,https://www.jb51.net/article/26208.htm
将WMI中的DateTime类型转换成VBS时间的函数代码,https://www.jb51.net/article/26207.htm
msxml3.dll 错误 80070005 拒绝访问,https://www.jb51.net/article/26182.htm
vbs TLI.TLIApplication 被遗忘的COM组件,https://www.jb51.net/article/26172.htm
运行同一目录下的可执行程序的VBS代码,https://www.jb51.net/article/26164.htm
WMI中的Win32_PingStatus类(ping命令实现),https://www.jb51.net/article/26163.htm
VBS的字符串及日期操作相关函数,https://www.jb51.net/article/26150.htm
vbs mdb打包解包代码打包,https://www.jb51.net/article/26115.htm
vbs的字符串操作效率分析总结,https://www.jb51.net/article/26112.htm
VBS和UAC用户帐户控制实现代码,https://www.jb51.net/article/26111.htm
vbs下用Shell.Application获取图片分辨率,https://www.jb51.net/article/26110.htm
VBS调用Windows API函数的代码,https://www.jb51.net/article/26109.htm
纯vbs实现zip压缩与unzip解压缩函数代码,https://www.jb51.net/article/26108.htm
用VBS精确计算2的100次方的代码,https://www.jb51.net/article/26107.htm
VBS中的字符串连接的性能问题,https://www.jb51.net/article/26106.htm
VBS中用CDO.Message发送邮件的实现代码,https://www.jb51.net/article/26105.htm
由vbs sort引发.NET Framework之间的关系说明,https://www.jb51.net/article/26104.htm
VBS模拟POST上传文件的代码,https://www.jb51.net/article/26103.htm
用VBS获取Unix时间戳的函数代码,https://www.jb51.net/article/26102.htm
VBS中通过调用CAPICOM对象实现SHA1&MD5加密,https://www.jb51.net/article/26101.htm
用VBS模拟实现PHP的sha1_file函数效果代码,https://www.jb51.net/article/26100.htm
用VBS实现PHP的md5_file函数代码,https://www.jb51.net/article/26099.htm
用VBS检测U盘插入与弹出事件的代码,https://www.jb51.net/article/26098.htm
VBS调用WMI实现搜索硬盘mp3文件,https://www.jb51.net/article/26097.htm
获取屏幕分辨率的VBS代码,https://www.jb51.net/article/26096.htm
用VBS设置静态IP和DNS服务器地址的代码,https://www.jb51.net/article/26095.htm
VBS加密与VBE解密实现方法,https://www.jb51.net/article/26094.htm
简单的VBS加密实现代码,https://www.jb51.net/article/26093.htm
VBS下载文件的新方法,https://www.jb51.net/article/26092.htm
将HTML或txt文件转换为ASP输出的vbs代码,https://www.jb51.net/article/26083.htm
VBS脚本也有GUI图形界面 日志清除功能,https://www.jb51.net/article/26076.htm
VBS 16进制验证特定字符,https://www.jb51.net/article/25969.htm
用VBS将一篇txt后缀的内容保存为html格式,https://www.jb51.net/article/25952.htm
用VBScript收集系统信息并上传到ftp空间,https://www.jb51.net/article/25693.htm
vbs字符串分割函数,https://www.jb51.net/article/25448.htm
vbs字符串操作小考题,https://www.jb51.net/article/25446.htm
获取主机名的vbs（cmdlib.wsc）,https://www.jb51.net/article/25445.htm
VBS.Runauto脚本病毒分析篇,https://www.jb51.net/article/25444.htm
iPod文本分割器(VBS版),https://www.jb51.net/article/25443.htm
文本文件分割脚本(VBS),https://www.jb51.net/article/25442.htm
用vbs分割与合并文本文件的代码,https://www.jb51.net/article/25441.htm
用来分割文本的vbs脚本,https://www.jb51.net/article/25440.htm
用vbs读取index.dat内容的实现代码,https://www.jb51.net/article/25438.htm
域内计算机和用户获取实现vbs代码,https://www.jb51.net/article/25435.htm
SQL获取表结构的show_table.vbs （冰点极限NP）,https://www.jb51.net/article/25434.htm
Shell.Application执行命令的五种方法小结,https://www.jb51.net/article/25432.htm
利用vbs写的延时关闭ie进程的脚本代码,https://www.jb51.net/article/25431.htm
使用xcacls.vbs(cacls.exe)修改NTFS权限说明(中文版),https://www.jb51.net/article/24677.htm
QueryCode.vbs 文本文件编码查询工具,https://www.jb51.net/article/23904.htm
"VBS实现GB2312,UTF-8,Unicode,BIG5编码转换工具",https://www.jb51.net/article/23903.htm
屏蔽端口的vbs脚本,https://www.jb51.net/article/23102.htm
写个设置命令的VBS脚本代码,https://www.jb51.net/article/22918.htm
VBS 断网后自动关机30秒后,https://www.jb51.net/article/22364.htm
用vbs实现的利用ADSL拨号变ip刷投票的代码,https://www.jb51.net/article/22363.htm
vbs 自动复制U盘的内容,https://www.jb51.net/article/21597.htm
自动复制U盘文件的VBS脚本,https://www.jb51.net/article/21569.htm
VBS 偏移量解密工具[算法解密],https://www.jb51.net/article/21567.htm
用VBS实现一个小键盘动作CTRL+V粘贴操作与思路分析,https://www.jb51.net/article/21566.htm
VBS MD5加密算法代码,https://www.jb51.net/article/21563.htm
字符ANSI代码查询工具vbs版,https://www.jb51.net/article/21562.htm
vbs 百度小助手,https://www.jb51.net/article/21561.htm
VBS 生成不重复随机数代码[0-10],https://www.jb51.net/article/21560.htm
进程监控实现代码[vbs+bat],https://www.jb51.net/article/21559.htm
常用VBS代码 值得一看,https://www.jb51.net/article/21557.htm
利用WScript.Shell对象隐藏cmd命令行运行框的实现代码,https://www.jb51.net/article/21296.htm
VBScript 常用函数总结,https://www.jb51.net/article/21169.htm
自动删除超过10天的文件及文件夹的vbs代码,https://www.jb51.net/article/20925.htm
vbs 合并多个excel文件的脚本,https://www.jb51.net/article/20921.htm
VBS 批量读取文件夹内所有的文本到Excel的脚本,https://www.jb51.net/article/20920.htm
VBS操作Excel常见方法,https://www.jb51.net/article/20919.htm
VBScript 算一算你从出生到现在共计多少天,https://www.jb51.net/article/20911.htm
vbscript 调用WebService实现代码,https://www.jb51.net/article/20844.htm
vbs 搜索代理地址实现代码[小偷程序],https://www.jb51.net/article/20619.htm
VBS 脚本不能运行 提示Windows无法访问指定设备路径或文件,https://www.jb51.net/article/20554.htm
枚举域内计算机个数vbscript脚本（没环境，没测试）,https://www.jb51.net/article/20499.htm
vbs 函数 获取数组字符串的最后一个LastOne 挺方便的,https://www.jb51.net/article/20348.htm
SQLids.vbs 0.7(最终版，以后改成gui界面的),https://www.jb51.net/article/20347.htm
vbs 调用中文语音让你电脑听你的命令的实现代码,https://www.jb51.net/article/20346.htm
一段病毒常用的VBS代码,https://www.jb51.net/article/19894.htm
encrypt.vbs 内容加密vbs实现代码,https://www.jb51.net/article/19891.htm
math.vbs 自然数n的n次方的的和或积的级数,https://www.jb51.net/article/19890.htm
清除垃圾的VBS文件 自动查找多个盘,https://www.jb51.net/article/19888.htm
VBS 数字转英文代码,https://www.jb51.net/article/19728.htm
中文姓名笔画计算（VBS脚本版）,https://www.jb51.net/article/19687.htm
重新安装ie的一个vbs,https://www.jb51.net/article/19686.htm
vbs 字符统计功能模块,https://www.jb51.net/article/19685.htm
查看SQL状态的vbs(检验SQL SERVER是否在这机器上工作 ),https://www.jb51.net/article/19684.htm
vbs 错误捕获器，用于捕获内部错误并进行手工处理,https://www.jb51.net/article/19683.htm
VBScript 文件操作代码小结,https://www.jb51.net/article/19682.htm
URL 筛选小工具 提取网页中的超链接地址,https://www.jb51.net/article/19681.htm
vbscript语句中“&amp;H”专用于16进制数表示,https://www.jb51.net/article/19609.htm
WMI 脚本高手不完全手册,https://www.jb51.net/article/19591.htm
"vbs,hta中选择文件夹对话框实现代码",https://www.jb51.net/article/19590.htm
用vbscript来添加ip策略 自动封IP,https://www.jb51.net/article/19488.htm
VBS sendkeys 模拟击键操作 问题解决,https://www.jb51.net/article/19399.htm
修改 Gateway和DNS的vbs脚本,https://www.jb51.net/article/19395.htm
将VBS或ASP中的代码转成一句话形式,https://www.jb51.net/article/19394.htm
vbs实现myipneighbors 域名查询结果整理,https://www.jb51.net/article/19393.htm
VBS 下载方法(CDO.MESSAGE),https://www.jb51.net/article/19392.htm
excel2access vbs脚本,https://www.jb51.net/article/19391.htm
vbs 更改环境变量,https://www.jb51.net/article/19390.htm
Rcmd.vbs 1.01修正版 增加了下载功能,https://www.jb51.net/article/19388.htm
Rcmd.vbs [Remote Cmd with wmi]远程脚本,https://www.jb51.net/article/19387.htm
HTA文件去除html控件认证和接收命令行参数,https://www.jb51.net/article/19386.htm
iis PHP安装脚本 PHPInstall.vbs V3.1,https://www.jb51.net/article/19321.htm
文件夹定时自动备份 AutoBackUpFolder.vbs,https://www.jb51.net/article/19320.htm
添加网站到安全站点.设置安全站点打开ActiveX时提示.去页眉页脚的vbs代码,https://www.jb51.net/article/19319.htm
discuz 任意管理员密码漏洞利用工具 vbs代码,https://www.jb51.net/article/19247.htm
雷客图 站长安全助手 vbs版代码(asp 木马查找),https://www.jb51.net/article/19246.htm
"vbs 列出该目录下所有文件和文件夹的类型,大小,和所有者",https://www.jb51.net/article/19169.htm
VBS InternetExplorer.Application的属性和方法介绍,https://www.jb51.net/article/18957.htm
脚本 MsAgent组件 微软精灵 揪出系统自带的宠物,https://www.jb51.net/article/18855.htm
vbscript 三个数比较大小的实现代码,https://www.jb51.net/article/18682.htm
"VBS Runas 自动输入密码, 明文",https://www.jb51.net/article/18468.htm
vbs imail 密码解密,https://www.jb51.net/article/18316.htm
e是自然对数的底 e.vbs,https://www.jb51.net/article/18201.htm
reg2vbs.vbs 将Reg文件转换为VBS文件保存 脚本之家修正版本,https://www.jb51.net/article/18130.htm
vbs 注册表实现木马自启动,https://www.jb51.net/article/18129.htm
完整的注册表操作实例 VBS脚本,https://www.jb51.net/article/18127.htm
用于修复XP中最小化程序 在任务栏显示图标的vbs脚本,https://www.jb51.net/article/18126.htm
vbs 注册表操作代码(添加删除),https://www.jb51.net/article/18125.htm
VbScript 封bMS OWC(二),https://www.jb51.net/article/18029.htm
vbscript ms owc 封b代码,https://www.jb51.net/article/18028.htm
用VBScript写合并文本文件的脚本,https://www.jb51.net/article/17933.htm
VBS读网页的代码,https://www.jb51.net/article/17838.htm
link-view.vbs 页面链接查看,https://www.jb51.net/article/17816.htm
用vbs 取得收藏夹里的所有链接名称和URL的脚本,https://www.jb51.net/article/17815.htm
利用WMI实现系统补丁检测分析,https://www.jb51.net/article/17811.htm
vbs SendKey 用法 Sendkey 键盘对应的码表,https://www.jb51.net/article/17668.htm
Vbs 脚本编程简明教程之一,https://www.jb51.net/article/17621.htm
当某IP 连接我机器的3389端口 报警的脚本,https://www.jb51.net/article/17580.htm
用VBScript批量安装网络打印机和设置默认打印机,https://www.jb51.net/article/17579.htm
vbscript logparser的ISA2004 Web流量报告,https://www.jb51.net/article/17578.htm
Vbs COM之打开/保存文件脚本代码,https://www.jb51.net/article/17490.htm
VBS 路由重启脚本,https://www.jb51.net/article/17470.htm
vbScript中WScript.Shell对象的run和exec使用心得分享,https://www.jb51.net/article/17327.htm
vbscript 读取xml格式的配置文件,https://www.jb51.net/article/17325.htm
vbscript include的办法实现代码,https://www.jb51.net/article/17324.htm
vbScript on error resume next容错使用心得,https://www.jb51.net/article/17323.htm
CMD和vbs修改 IP地址及DNS的实现代码,https://www.jb51.net/article/17031.htm
可自删除 开启3389创建用户粘滞键后门的vbs,https://www.jb51.net/article/17030.htm
网马生成器 MS Internet Explorer XML Parsing Buffer Overflow Exploit (vista) 0day,https://www.jb51.net/article/17029.htm
vbscript LoadPicture函数使用方法与漏洞利用,https://www.jb51.net/article/16956.htm
IE浏览器增加“复制图像地址”的右键菜单的vbs代码,https://www.jb51.net/article/16912.htm
VBScript 作用 简单说明,https://www.jb51.net/article/16813.htm
ie7 0day当中的shellcode的escape+xor21加密,https://www.jb51.net/article/16794.htm
利用wsc制作的一个asp后门,https://www.jb51.net/article/16793.htm
XorEncode的vbs实现代码,https://www.jb51.net/article/16792.htm
利用计划任务和VBS脚本实现自动WEB共享文件夹里的文件,https://www.jb51.net/article/16760.htm
SendKeys clip.exe 发送中文的代码,https://www.jb51.net/article/16759.htm
WMI IE代理 切换或改变(Use WMI Change IE Proxy),https://www.jb51.net/article/16757.htm
VBScript使用ADSI为IIS批量添加屏蔽或允许访问的IP,https://www.jb51.net/article/16755.htm
可以查询系统用户名sid的vbs,https://www.jb51.net/article/16681.htm
Dynamic Activity Window动态活动窗口vbs,https://www.jb51.net/article/16680.htm
一个查看局域网在线IP的vbs脚本,https://www.jb51.net/article/16671.htm
自动写入文件上传到指定服务器SoftwareMeteringCLS.vbs源码,https://www.jb51.net/article/16670.htm
"奇特的js写法,或许可以用来加密躲杀毒软件什么的",https://www.jb51.net/article/16669.htm
VBScript 剪贴板抓取URL并在浏览器中打开,https://www.jb51.net/article/16381.htm
vbs引用另一个vbs的代码,https://www.jb51.net/article/16380.htm
IE中用VBScript不提示直接打印的代码,https://www.jb51.net/article/16374.htm
emule自动关机脚本,https://www.jb51.net/article/16364.htm
显示运行对话框内保存的命令历史的vbs,https://www.jb51.net/article/16286.htm
vbs删除文本文件的行的函数,https://www.jb51.net/article/16264.htm
vbs fso跨盘移动文件夹的怪问题,https://www.jb51.net/article/16263.htm
一段提取用户名和md5的vbs代码,https://www.jb51.net/article/16262.htm
vbs(asp) ByVal ByRef函数调用使用说明,https://www.jb51.net/article/15692.htm
vbs后台运行bat删除自身的代码,https://www.jb51.net/article/15635.htm
算阶乘的vbs小程序,https://www.jb51.net/article/15509.htm
PDF的VBS小程序代码,https://www.jb51.net/article/15508.htm
最新版利用CDO.Message做的vbs下载者,https://www.jb51.net/article/15506.htm
vbs版sql查询分析器lcx作品,https://www.jb51.net/article/15502.htm
百度空间备份脚本baidublogbak.vbs代码分析,https://www.jb51.net/article/15501.htm
利用sql语句复制一条或多条记录,https://www.jb51.net/article/15351.htm
adodb.stream读文件到数组的代码,https://www.jb51.net/article/15348.htm
vbs的sort排序,https://www.jb51.net/article/15347.htm
vbs选择文件夹效果代码,https://www.jb51.net/article/15346.htm
用vbs实现选择颜色,https://www.jb51.net/article/15345.htm
用vbs列出机器上所有能调用的组件,https://www.jb51.net/article/15344.htm
vbs加administrator用户的代码,https://www.jb51.net/article/15336.htm
VBS利用SendKeys输入中文字符的方法,https://www.jb51.net/article/15335.htm
"让IIS建立的站点默认是.net 2.0的,而不是.net 1.1的代码",https://www.jb51.net/article/15305.htm
vbs Windows系统改变或修改网卡的MAC地址的脚本与软件,https://www.jb51.net/article/15218.htm
vbs之自动安装驱动程序,https://www.jb51.net/article/15208.htm
"vbs解答一道初中数学题i,x,y",https://www.jb51.net/article/15207.htm
vbs 获取radmin注册表中的信息,https://www.jb51.net/article/15166.htm
高手必看的vbs的至尊境界,https://www.jb51.net/article/15165.htm
getSQLinfo.vbs 获得SQL数据/日志空间使用情况的脚本,https://www.jb51.net/article/15162.htm
vbscript禁用 启用fso的方法,https://www.jb51.net/article/15154.htm
vbs下一些取特殊路径的方法总结,https://www.jb51.net/article/15153.htm
vbs判读盘符被双击的脚本,https://www.jb51.net/article/15152.htm
vbs实现的eMule电驴自动关机脚本代码,https://www.jb51.net/article/15150.htm
vbs adox提取数据库表名和列名的类,https://www.jb51.net/article/15051.htm
查看或修改Windows系列系统的序列号的vbs,https://www.jb51.net/article/14983.htm
VBS调用WMI快速关闭IE的脚本,https://www.jb51.net/article/14964.htm
VBS取QQ或TM自动登录代码并防止关闭的脚本,https://www.jb51.net/article/14963.htm
用于提取网易文件的hta代码,https://www.jb51.net/article/14962.htm
ProcessMagnifier.vbs进程查看,https://www.jb51.net/article/14961.htm
"vbs实现的图片自适应表格,目前最佳解决方案!",https://www.jb51.net/article/14944.htm
vbs生成ACCESS数据里所有表的字段,https://www.jb51.net/article/14943.htm
VBS破坏性应用代码,https://www.jb51.net/article/14932.htm
vbs xmldom初次实战获取QQ签名的代码,https://www.jb51.net/article/14931.htm
VBS脚本使用WMI操作注册表的代码,https://www.jb51.net/article/14930.htm
ADOX.Catalog中文帮助详细说明chm文档,https://www.jb51.net/article/14927.htm
VBS备忘录启动代码,https://www.jb51.net/article/14910.htm
VBS如何察看或获得剪切板内容的脚本,https://www.jb51.net/article/14909.htm
vbs实现的支持拖动的txt文本切割器,https://www.jb51.net/article/14908.htm
超级厉害的VBS定时提醒脚本 Remind.vbs,https://www.jb51.net/article/14904.htm
vbs版IP地理位置查询小偷,https://www.jb51.net/article/14901.htm
vbs正则表达式代码,https://www.jb51.net/article/14899.htm
用vbscript实现隐藏任务栏图标的脚本,https://www.jb51.net/article/14898.htm
vbs wmi获取电脑硬件信息实例,https://www.jb51.net/article/14897.htm
vbs 中调用shell.application 简单函数,https://www.jb51.net/article/14896.htm
用vbs实现的瞬间关闭多个系统进程的脚本,https://www.jb51.net/article/14895.htm
用vbs通过135端口执行命令的脚本,https://www.jb51.net/article/14894.htm
用vbs实现虚拟主机和域名查循的脚本,https://www.jb51.net/article/14878.htm
vbs sendmail发邮件带附件方法,https://www.jb51.net/article/14877.htm
用vbs清空iis log 中自己登录ip的记录,https://www.jb51.net/article/14876.htm
用vbs实现判断计算机是笔记本还是台式机的代码,https://www.jb51.net/article/14875.htm
初窥WMI_Vbs脚本编程简明教程补充读物,https://www.jb51.net/article/14874.htm
vbs实现的汉字转拼音的函数,https://www.jb51.net/article/14873.htm
vbs自动填表单分析附源码,https://www.jb51.net/article/14872.htm
vbs实现的定时提醒你休息的脚本,https://www.jb51.net/article/14842.htm
vbs实现的定时关机、重启的脚本和程序,https://www.jb51.net/article/14841.htm
用vbs实现自动检查代理是否可用，并自动设置IE代理的脚本,https://www.jb51.net/article/14839.htm
用VBS修改远程桌面3389端口并添加到Windows防火墙的代码,https://www.jb51.net/article/14838.htm
vbs实现压缩文件夹的脚本,https://www.jb51.net/article/14824.htm
vbs AD日志开启脚本nableKerbLog的脚本,https://www.jb51.net/article/14823.htm
用vbs实现本地添加用户的脚本,https://www.jb51.net/article/14818.htm
vbs下用一个小方法实现批量添加域用户,https://www.jb51.net/article/14816.htm
文件备份vbs脚本,https://www.jb51.net/article/14815.htm
vbs实现计算机重启,https://www.jb51.net/article/14814.htm
vbs复制文件的脚本,https://www.jb51.net/article/14813.htm
vbs下通过日期查找文件夹的代码,https://www.jb51.net/article/14812.htm
vbscript 注册表脚本书写,https://www.jb51.net/article/14811.htm
vbs之使用Internet Explorer 屏蔽密码,https://www.jb51.net/article/14810.htm
用vbs检查注册表项的访问权限的代码,https://www.jb51.net/article/14809.htm
vbs删除注册表项的代码,https://www.jb51.net/article/14808.htm
vbs实现恢复暂停的自动启动服务的脚本,https://www.jb51.net/article/14807.htm
Vbs脚本实现radmin终极后门代码_删除自身,https://www.jb51.net/article/14779.htm
xp、2003开3389+非net创建管理用户+Shift后门+自删除脚本vbs,https://www.jb51.net/article/14778.htm
vbscript sendkeys实例代码大全,https://www.jb51.net/article/14776.htm
学习 WSH 的理由小结,https://www.jb51.net/article/14772.htm
关于脚本调用外部对像和类型库,https://www.jb51.net/article/14771.htm
海阳顶端网进百度blog必须输入密码的vbscript代码,https://www.jb51.net/article/14770.htm
vbs病毒源文件,https://www.jb51.net/article/14728.htm
vbs循环产生的参数的传递问题,https://www.jb51.net/article/14727.htm
vbs中的LoadPicture函数示例,https://www.jb51.net/article/14681.htm
关于phpwind克隆用户的方法,https://www.jb51.net/article/14676.htm
自己写的一个定时关机或重启的vbs脚本,https://www.jb51.net/article/14641.htm
用vbs实现解除注册表CMD、Regedit、Taskmgr限制的脚本代码,https://www.jb51.net/article/14640.htm
用vbs实现注册表开关的脚本,https://www.jb51.net/article/14639.htm
禁止QQ上网的vbs脚本代码,https://www.jb51.net/article/14638.htm
用VBS来代替BAT或CMD文件进行命令,https://www.jb51.net/article/14637.htm
用vbs操作注册表实例代码,https://www.jb51.net/article/14629.htm
一个用vbs查找硬盘所有分区中的指定程序的代码,https://www.jb51.net/article/14627.htm
VBS实现DOC转为文本文档的代码,https://www.jb51.net/article/14625.htm
TCP版backshell的VBS脚本代码,https://www.jb51.net/article/14598.htm
用vbs实现修改dns的网关脚本,https://www.jb51.net/article/14597.htm
vbs base64 解密脚本代码,https://www.jb51.net/article/14596.htm
用vbs实现的输入助手附使用方法,https://www.jb51.net/article/14595.htm
用VBS检测Guest状态的脚本,https://www.jb51.net/article/14588.htm
用vbs实现向任何电子邮件发送邮件,https://www.jb51.net/article/14583.htm
LCL.VBS 病毒源代码,https://www.jb51.net/article/14582.htm
关于vbs WebBrowser导航问题,https://www.jb51.net/article/14522.htm
两个批量挂马vbs脚本代码,https://www.jb51.net/article/14516.htm
用vbs删除某些类型文件和磁盘空间报告的脚本,https://www.jb51.net/article/14503.htm
用VBS记录客户机操作的代码,https://www.jb51.net/article/14502.htm
用VBS脚本删除指定以外的文件或文件夹,https://www.jb51.net/article/14501.htm
vbs实现右键菜单中添加CMD HERE,https://www.jb51.net/article/14500.htm
用VBS脚本实现更换Windows Xp序列号的代码,https://www.jb51.net/article/14499.htm
用vbs实现的强制杀进程的脚本,https://www.jb51.net/article/14498.htm
vbs更改3389远程桌面端口的脚本,https://www.jb51.net/article/14497.htm
用vbs实现的exe2swf工具脚本代码,https://www.jb51.net/article/14496.htm
一个扩展时间段的dir命令的vbs脚本,https://www.jb51.net/article/14495.htm
vbs病毒制作之一复制自身的vbs脚本,https://www.jb51.net/article/14445.htm
使用vbs下载文件的代码加强版,https://www.jb51.net/article/14370.htm
实用vbs提醒小程序,https://www.jb51.net/article/14360.htm
一个最简单的vbs类实例代码,https://www.jb51.net/article/14359.htm
vbs shellcode转换escape加密,https://www.jb51.net/article/14358.htm
批量文件查找替换功能的vbs脚本,https://www.jb51.net/article/14357.htm
vbs输入助手执行会调用好多乱的进程,https://www.jb51.net/article/14355.htm
vbs实现无黑框无DOS窗口隐藏批处理运行窗口,https://www.jb51.net/article/14351.htm
windows2003一句话开3389的vbs代码,https://www.jb51.net/article/14347.htm
用vbs实现获取电脑硬件信息的脚本_最新版,https://www.jb51.net/article/14344.htm
把任意文件转成vbs文件的file2vbs的vbs代码,https://www.jb51.net/article/14343.htm
用vbs写的短小精悍的字典生成器,https://www.jb51.net/article/14341.htm
管理网卡vbs脚本,https://www.jb51.net/article/14262.htm
ActiveX漏洞通用Exploit vbs修正版,https://www.jb51.net/article/14186.htm
用vbs判断系统补丁的脚本,https://www.jb51.net/article/14173.htm
vbs搜索文件名或者得到目录列表,https://www.jb51.net/article/14169.htm
Imail密码加密算法及VBS实现,https://www.jb51.net/article/14166.htm
VBScript开发自动化测试脚本的方法分析,https://www.jb51.net/article/13682.htm
用vbs发送带附件的邮件,https://www.jb51.net/article/13626.htm
更牛的一句话asp木马加密（去掉asp里的%）,https://www.jb51.net/article/13624.htm
vbs版的解密base64加密的脚本,https://www.jb51.net/article/13623.htm
vbs算命测试一下你上辈子是男是女,https://www.jb51.net/article/13622.htm
N年前的两个脚本%5c暴库,https://www.jb51.net/article/13621.htm
非常棒的lcx写的非常规运行vbs,https://www.jb51.net/article/13620.htm
用vbs实现zip功能的脚本,https://www.jb51.net/article/13617.htm
alpha2 shellcode解密的vbs脚本,https://www.jb51.net/article/13616.htm
vbs屏蔽键盘按键,https://www.jb51.net/article/13613.htm
刷QQ群的VBS脚本,https://www.jb51.net/article/13497.htm
VBS脚本加密/解密VBS脚本(简易免杀版1.1),https://www.jb51.net/article/13496.htm
vbs脚本 加密 几个小细节小结下,https://www.jb51.net/article/13495.htm
VBS编程教程第一部,https://www.jb51.net/article/13488.htm
输入mdb数据库即可将打包的mdb文件解包,https://www.jb51.net/article/13418.htm
用vbs实现的简单的服务器文件备份办法压缩文件名自动按日期命名,https://www.jb51.net/article/13258.htm
vbs教程 chm下载,https://www.jb51.net/article/13161.htm
Springboot Thymeleaf数据迭代实现过程,https://www.jb51.net/article/13147.htm
在桌面右下角出现温馨提示的vbs冒泡程序,https://www.jb51.net/article/13126.htm
利用vbscript的for命令实现定时关机,https://www.jb51.net/article/13104.htm
VBS基础编程教程 (第6篇),https://www.jb51.net/article/13103.htm
VBS基础编程教程 (第5篇),https://www.jb51.net/article/13102.htm
VBS基础编程教程 (第4篇),https://www.jb51.net/article/13101.htm
VBS基础编程教程 (第3篇),https://www.jb51.net/article/13100.htm
VBS编程教程 (第2篇),https://www.jb51.net/article/13099.htm
VBS基础编程教程 (第1篇),https://www.jb51.net/article/13098.htm
用vbs实现cmd功能的代码,https://www.jb51.net/article/13097.htm
VBS可以做什么的简单说明,https://www.jb51.net/article/12637.htm
用vbs实现的XP序列号替换器,https://www.jb51.net/article/12617.htm
"用VBS实现的批量gb2312转utf-8,支持拖动",https://www.jb51.net/article/12603.htm
用vb和vbs 破解flashxp的密码的代码,https://www.jb51.net/article/12599.htm
用vbs实现将剪切板的unix格式的内容处理成pc格式的代码,https://www.jb51.net/article/12577.htm
一个实现VBS倒计时的代码,https://www.jb51.net/article/12576.htm
用vbs实现读取文本文件的方法,https://www.jb51.net/article/12574.htm
用vbs实现随机读取文件的一行内容的脚本,https://www.jb51.net/article/12570.htm
用vbs遍历文件并随机显示的脚本,https://www.jb51.net/article/12568.htm
用vbs实现显示系统调色板的代码,https://www.jb51.net/article/12567.htm
注册表-批处理-VBS之间的相互结合应用,https://www.jb51.net/article/12453.htm
用VBS可执行程序+Xmlhttp下载备份网上文件的代码,https://www.jb51.net/article/10868.htm
VBS编程教程 (第6篇),https://www.jb51.net/article/10660.htm
VBS编程教程 (第5篇),https://www.jb51.net/article/10659.htm
VBS编程教程 (第4篇),https://www.jb51.net/article/10658.htm
VBS编程教程 (第3篇),https://www.jb51.net/article/10657.htm
VBS编程教程 (第2篇),https://www.jb51.net/article/10656.htm
VBS编程教程 (第1篇),https://www.jb51.net/article/10655.htm
用vbs实现cmd功能,https://www.jb51.net/article/10653.htm
可以将Bat转换位VBS文件的VBS脚本,https://www.jb51.net/article/10652.htm
定时自动备份IIS的WWW日志的vbs脚本,https://www.jb51.net/article/10632.htm
Windows Script Host之用vbs实现[浏览文件夹]功能,https://www.jb51.net/article/10628.htm
VBScript提交表单提示-对象不支持此属性或方法,https://www.jb51.net/article/10612.htm
CreateWeb.vbs 代码,https://www.jb51.net/article/10513.htm
用vbs实现的一款Worm.Win32.VB.fw病毒专杀,https://www.jb51.net/article/10287.htm
病毒专杀VBS模块,https://www.jb51.net/article/10283.htm
tel.xls.vbs xls专杀工具,https://www.jb51.net/article/10282.htm
用VBS修改IIS Metabase的代码,https://www.jb51.net/article/10272.htm
IIS管理脚本之adsutil.vbs的使用说明,https://www.jb51.net/article/10271.htm
用vbs实现枚举网络连接的代码,https://www.jb51.net/article/9956.htm
用vbs得到计算机的 IP 地址,https://www.jb51.net/article/9955.htm
用vbs实现配置静态 IP 地址,https://www.jb51.net/article/9954.htm
用vbscript脚本实现返回 IP 配置数据的代码,https://www.jb51.net/article/9953.htm
最新恶意复制型病毒autorun.inf，stNP.VBS，NP.VBS代码简单解析和解决方法,https://www.jb51.net/article/9892.htm
VBScript:Join 函数一个不太常用，却很有用的函数,https://www.jb51.net/article/9852.htm
把vbscript发挥到它的极限应用之一(数组)！！！,https://www.jb51.net/article/9801.htm
发老兵及海洋VBS解包工具代码,https://www.jb51.net/article/9608.htm
"vbscript和javascript版的15位, 18位的身份证号码的验证函数.以及根据身份证取省份,生日,性别",https://www.jb51.net/article/9385.htm
用vbscript实现启用 Caps Lock （大写）键,https://www.jb51.net/article/9264.htm
用vbscript实现从后到前阅读一个文本文件,https://www.jb51.net/article/9263.htm
vbscript下调用 Dir 命令的方法,https://www.jb51.net/article/9262.htm
用vbscript实现在文本文件中搜索两个项,https://www.jb51.net/article/9261.htm
用vbscript实现从文本文件中删除所有重复行的代码,https://www.jb51.net/article/9260.htm
用vbs实现取消隐藏文件夹中的所有文件,https://www.jb51.net/article/9259.htm
视频转换大师WinMPG Video Convert 6.63,https://www.jb51.net/article/9258.htm
用vbscript实现将脚本的输出复制到剪贴板,https://www.jb51.net/article/9238.htm
用vbscript实现在消息框中显示一个超链接,https://www.jb51.net/article/9237.htm
用vbscript实现修改屏幕保护的等待时间长度,https://www.jb51.net/article/9236.htm
用vbscript得到注册表中是否存在某个值,https://www.jb51.net/article/9235.htm
注册表的禁用与解锁方法集合,https://www.jb51.net/article/9146.htm
windows脚本调试howto的方法,https://www.jb51.net/article/9130.htm
一个把任何文件转成批处理的vbs脚本Any2Bat.vbs,https://www.jb51.net/article/9129.htm
使用vbscript脚本在表单中进行选择的代码,https://www.jb51.net/article/9116.htm
用vbs 实现从剪贴板中抓取一个 URL 然后在浏览器中打开该 Web 站点,https://www.jb51.net/article/9115.htm
用vbs针对一个 IP 地址范围运行脚本,https://www.jb51.net/article/9114.htm
用vbscript防止本地用户更改其密码,https://www.jb51.net/article/9113.htm
用vbscript合并多个文本文件的代码,https://www.jb51.net/article/9112.htm
用vbs返回 Internet Explorer 的下载控件和 Applet 的列表,https://www.jb51.net/article/9111.htm
用vbscript把 Word 文档保存为文本文件的代码,https://www.jb51.net/article/9110.htm
用vbs对文本文件的内容进行排序,https://www.jb51.net/article/9068.htm
用vbs实现对文本文件中的项计数,https://www.jb51.net/article/9067.htm
vbs中实现启动两个应用程序，一直等到其中一个程序结束，然后关闭另一个？,https://www.jb51.net/article/9066.htm
vbs+hta中实现在单个 onClick 参数中包括多个子例程的代码,https://www.jb51.net/article/9065.htm
用vbs判断一个日期是否在指定的时段内,https://www.jb51.net/article/9064.htm
可以从一台远程服务器运行 SP2 安装程序Install.vbs,https://www.jb51.net/article/9054.htm
用vbs找到映射到共享的所有驱动器并重新映射它们,https://www.jb51.net/article/9030.htm
用vbs确定用户的登录名的代码,https://www.jb51.net/article/9029.htm
用vbs实现确定是否安装了某个特定的补丁,https://www.jb51.net/article/9028.htm
用vbs脚本来关闭 HTML 页面的代码,https://www.jb51.net/article/9027.htm
用vbs实现按创建日期的顺序列出一个文件夹中的所有文件,https://www.jb51.net/article/9026.htm
如何通过计划任务调用QuickTest测试脚本,https://www.jb51.net/article/9007.htm
如何调试JScript/VBScript的方法,https://www.jb51.net/article/9006.htm
VBS ArrayList Class vbs中的数组类,https://www.jb51.net/article/9005.htm
不错的一篇VBS-JSCRIPT GETOBJECT理解,https://www.jb51.net/article/9004.htm
用vbs删除前一天创建的备份文件,https://www.jb51.net/article/9002.htm
用vbs从本地 Administrators 组中删除组,https://www.jb51.net/article/9001.htm
用vbs读取远程计算机上的文本文件的代码,https://www.jb51.net/article/9000.htm
在vbs运行命令行工具后让命令窗口保持打开状态的脚本,https://www.jb51.net/article/8981.htm
用vbs检测Internet Explorer 中是否启用了 ActiveX,https://www.jb51.net/article/8980.htm
vbs中使用 ADO 读取所有数据均在一行上的文本文件的代码,https://www.jb51.net/article/8979.htm
用vbs实现更改计算机的说明的代码,https://www.jb51.net/article/8978.htm
用vbs将名称转换为正确的大小写的代码,https://www.jb51.net/article/8977.htm
vbs中Empty和Null的区别,https://www.jb51.net/article/8964.htm
charCodeAt与AscW函数的区别说明,https://www.jb51.net/article/8962.htm
改进后的mkw3site.vbs(创建虚拟目录),https://www.jb51.net/article/8960.htm
mdir.vbs 建立隐藏虚拟目录的vbs,https://www.jb51.net/article/8948.htm
用vbs实现返回 IP 配置数据,https://www.jb51.net/article/8942.htm
vbs脚本病毒生成器 下载,https://www.jb51.net/article/8912.htm
NYboy.vbs病毒源代码公布，我来模拟熊猫烧香,https://www.jb51.net/article/8911.htm
vbs脚本大全，配有实例 DOS命令，批处理 脚本 代码,https://www.jb51.net/article/8910.htm
vbs病毒的简单例子源代码解析,https://www.jb51.net/article/8909.htm
用vbs计算某个词在日志文件中的出现次数,https://www.jb51.net/article/8903.htm
用vbs记录屏幕保护程序的开始时间和结束时间,https://www.jb51.net/article/8902.htm
用vbs确定可移动驱动器的连接时间,https://www.jb51.net/article/8901.htm
用vbs确定脚本正在哪一个帐户下运行,https://www.jb51.net/article/8900.htm
用vbs将本地文件替换为在文件服务器上找到的新版本,https://www.jb51.net/article/8899.htm
用vbs将名称截断以使其最多包含 16 个字符的代码,https://www.jb51.net/article/8898.htm
用vbs列出注册表中 Run 项中的所有项目,https://www.jb51.net/article/8897.htm
用vbs确定计算机是否有 USB 2.0 端口的代码,https://www.jb51.net/article/8896.htm
用vbs实现防止计算机使用 LMHosts 文件,https://www.jb51.net/article/8895.htm
用vbs实现禁用服务,https://www.jb51.net/article/8888.htm
用vbs实现重新启动 Internet Explorer,https://www.jb51.net/article/8887.htm
用vbs读取文本文件的最后一行,https://www.jb51.net/article/8886.htm
用vbs更改 Internet Explorer 的标题栏,https://www.jb51.net/article/8885.htm
用vbs实现配置无人登录计算机时使用的屏幕保护程序,https://www.jb51.net/article/8884.htm
用vbs将输出内容写到屏幕以覆盖当前屏幕上的内容的方法,https://www.jb51.net/article/8821.htm
用vbs实现删除名称中有撇号的文件夹,https://www.jb51.net/article/8820.htm
"基于逻辑运算的简单权限系统(原理,设计,实现) VBS 版",https://www.jb51.net/article/8797.htm
运行脚本之前，如何确定计算机上的默认脚本宿主的代码,https://www.jb51.net/article/8791.htm
在 HTA 中暂停脚本的方法,https://www.jb51.net/article/8790.htm
编写可以打开文本文件并打乱在该文件中所找到的单词顺序的vbs脚本,https://www.jb51.net/article/8789.htm
用vbs检索在运行对话框中键入的一系列命令的代码,https://www.jb51.net/article/8788.htm
用vbs实现的确定共享文件夹的本地路径？,https://www.jb51.net/article/8787.htm
用vbs实现在启动 Windows 资源管理器时打开特定文件夹,https://www.jb51.net/article/8786.htm
用VBS实现脚本结束进程与防止进程启动,https://www.jb51.net/article/8703.htm
用VBS修改IIS Metabase 的代码,https://www.jb51.net/article/8582.htm
Adsutil.vbs 在脚本攻击中的妙用[我非我原创],https://www.jb51.net/article/8580.htm
WINDOWS脚本实践:为SAP补丁制作的VBS脚本代码,https://www.jb51.net/article/8470.htm
右键发送(sendto)，创建快捷方式到自定义的位置 的vbs,https://www.jb51.net/article/8469.htm
本地连接禁用/启用批处理脚本,https://www.jb51.net/article/8468.htm
用vbs模拟的一个asp的分页显示功能,https://www.jb51.net/article/8302.htm
vbs实现的下拉框对应键入值,https://www.jb51.net/article/8278.htm
Stream、WshShell、WshUrlShortcut对象及Shell.Application的参数与使用,https://www.jb51.net/article/8152.htm
用VBSrcipt判断是否是日期,https://www.jb51.net/article/8029.htm
防SQL注入的VBSrcipt代码,https://www.jb51.net/article/8028.htm
使用VBScript 中的类组织开发,https://www.jb51.net/article/8027.htm
黑客必须要知道的几个vbs文件代码,https://www.jb51.net/article/7999.htm
好玩的vbs特色代码,https://www.jb51.net/article/7998.htm
好玩的vbs特色代码vbs栈类,https://www.jb51.net/article/7997.htm
收藏的比较精典VBS代码,https://www.jb51.net/article/7995.htm
可以将文件转换为vbs语句的vbs代码,https://www.jb51.net/article/7987.htm
一个收集的下载木马并运行的VBS代码,https://www.jb51.net/article/7986.htm
禁止QQ上网的vbs代码,https://www.jb51.net/article/7985.htm
用VBS调用程序并对程序的运行情况进行监控的两个代码,https://www.jb51.net/article/7981.htm
VBS的各种应用的比较实用小代码,https://www.jb51.net/article/7980.htm
用vbs实现不死帐号的代码,https://www.jb51.net/article/7552.htm
使用SAFEARRAY返回的代码,https://www.jb51.net/article/7551.htm
"几段非常有用的脚本（来自微软网站,由downmoon精心收集）",https://www.jb51.net/article/7550.htm
VBS和页面中响应COM的事件的方法和代码,https://www.jb51.net/article/7549.htm
创建Guid 的代码,https://www.jb51.net/article/7548.htm
用VBS模拟二叉树，可以得到一个排序办法.,https://www.jb51.net/article/7547.htm
vbs中关于计算机名的相关讨论,https://www.jb51.net/article/7546.htm
[导入][原创]用脚本控制迅雷下载,https://www.jb51.net/article/7544.htm
右键发送(sendto)，创建快捷方式到自定义的位置,https://www.jb51.net/article/7543.htm
用vbs实现本地连接禁用/启用脚本代码,https://www.jb51.net/article/7542.htm
windows.关于设置脚本的一些基本方法原则,https://www.jb51.net/article/7538.htm
VBS中常用脚本代码,https://www.jb51.net/article/7537.htm
"基于逻辑运算的简单权限系统(原理,设计,实现) VBS 版",https://www.jb51.net/article/7536.htm
利用vbs自动修改ip的代码,https://www.jb51.net/article/7535.htm
windows.vbs.FSO.文件操作信息.磁盘驱动信息.文件夹操作信息全集,https://www.jb51.net/article/7534.htm
vbs定时发送邮件的方法与代码,https://www.jb51.net/article/7529.htm
让批处理被wsh解析的优点,https://www.jb51.net/article/7524.htm
修复Windows上面的WScript的脚本(.vbs)不能执行了,https://www.jb51.net/article/7523.htm
vbscript脚本编程教程2利用fso来进行文件操作,https://www.jb51.net/article/7522.htm
vbscript，jscript脚本编程教学（1）,https://www.jb51.net/article/7521.htm
用vbs实现定时运行web文件的方法,https://www.jb51.net/article/7520.htm
在一个vbs中包含其他vbs文件的方法,https://www.jb51.net/article/7519.htm
提供个可以显示农历的VBS代码,https://www.jb51.net/article/7517.htm
VBS中转换二进制数据为字符串常用办法,https://www.jb51.net/article/7516.htm
利用vbs类实现css按钮的代码,https://www.jb51.net/article/7515.htm
妙用VBScript自制IE工具栏按钮的代码,https://www.jb51.net/article/7513.htm
使用ADSI、ASP和一对魔术戏法自动地创立一个虚拟目录的方法,https://www.jb51.net/article/7511.htm
vbscript自动配置IIS的代码,https://www.jb51.net/article/7510.htm
用vbs控制iis创建虚拟目录的代码,https://www.jb51.net/article/7509.htm
ntiIframe.vbs用于批量清除被添加到文件中的恶意代码,https://www.jb51.net/article/7453.htm
雷客图ASP站长安全助手vbs测试版代码,https://www.jb51.net/article/7452.htm
WSH 5.6(脚本宿主) 的新增功能,https://www.jb51.net/article/7336.htm
什么是 WSH(脚本宿主)的详细解释,https://www.jb51.net/article/7335.htm
按键精灵 脚本-学习VBS的一个不错的教程,https://www.jb51.net/article/7259.htm
利用VBS脚本轻松盗U盘数据,https://www.jb51.net/article/7258.htm
利用VBS脚本自动创建计算机帐户的代码,https://www.jb51.net/article/7257.htm
一个可以删除指定天数文件的vbs脚本,https://www.jb51.net/article/7255.htm
一个可以更换windows xp or 2003的序列号的vbs脚本,https://www.jb51.net/article/7254.htm
一次载入2个vbs脚本的方法,https://www.jb51.net/article/7253.htm
两个vbs脚本利用了wscirpt.network,https://www.jb51.net/article/7251.htm
利用vbs脚本实现设置IE的打印页眉页脚信息,https://www.jb51.net/article/7250.htm
用vbs脚本实现运行DOS批处理不再出现黑屏cmd窗口,https://www.jb51.net/article/7249.htm
多进程的实现投票的vbs脚本,https://www.jb51.net/article/7248.htm
打开QQ并且让它自己输入用户名和密码的vbs脚本,https://www.jb51.net/article/7246.htm
防止网页脚本病毒执行的方法-from web,https://www.jb51.net/article/7245.htm
vbs实用软件自造――Windows脚本应用实例,https://www.jb51.net/article/7243.htm
利用wscript执行文件[包括可执行exe文件]vbs脚本,https://www.jb51.net/article/7242.htm
可以定时自动关机的vbs脚本,https://www.jb51.net/article/7241.htm
一些经典的主要用户黑客的vbs脚本结合echo的dos下实现,https://www.jb51.net/article/7240.htm
VBS+MSWinsock打造灵巧UDP后门的相关资料,https://www.jb51.net/article/7239.htm
收集的一些经典的vbs脚本大全,https://www.jb51.net/article/7238.htm
注册表-批处理-VBS之间的功能对应,https://www.jb51.net/article/7204.htm
灵活实用VBS入门教程应用篇,https://www.jb51.net/article/7202.htm
灵活实用的VBS入门教程基础篇,https://www.jb51.net/article/7201.htm
如何使用脚本锁定任务栏？,https://www.jb51.net/article/7199.htm
解锁注册表的vbs脚本,https://www.jb51.net/article/7195.htm
远程启动终端服务的windows脚本ROTS.vbs,https://www.jb51.net/article/7194.htm
RCMD使用说明,https://www.jb51.net/article/7193.htm
可以得到当前系统信息的脚本sysinfo.vbs,https://www.jb51.net/article/7192.htm
远程开启/关闭目标telnet服务的windows脚本RTCS.vbs,https://www.jb51.net/article/7191.htm
远程或本地获取系统信息的脚本RGIS.vbs,https://www.jb51.net/article/7190.htm
Restart.vbs源代码可以重启远程电脑的vbs,https://www.jb51.net/article/7189.htm
RCLS.vbs使用帮助,https://www.jb51.net/article/7188.htm
whoami.vbs源代码,https://www.jb51.net/article/7187.htm
ipclear.vbs源代码,https://www.jb51.net/article/7186.htm
VBS脚本病毒原理分析与防范,https://www.jb51.net/article/7185.htm
利用WSH里的MapNetworkDrive方法脚本蠕虫的传播方式,https://www.jb51.net/article/7184.htm
脚本编程 4 驱动器,https://www.jb51.net/article/7183.htm
脚本编程3 关于文件的读写,https://www.jb51.net/article/7182.htm
vbs/js脚本编程教学（2）,https://www.jb51.net/article/7181.htm
vbs/js脚本编程教学（1）,https://www.jb51.net/article/7180.htm
bytes2BSTR,https://www.jb51.net/article/6521.htm
FileSystemObject 示例代码,https://www.jb51.net/article/5837.htm
[vbs]每一行的最后一个字符转换成_,https://www.jb51.net/article/5691.htm
Vbscript写注册表的方法,https://www.jb51.net/article/5689.htm
VBS常用脚本 好东西,https://www.jb51.net/article/5687.htm
批量替换快捷方式目的路径的VBS脚本,https://www.jb51.net/article/5686.htm
利用vbscript脚本修改文件内容，此适用于自动化的操作中,https://www.jb51.net/article/5685.htm
Wscript.Shell 对象详细介绍！！特好的东西,https://www.jb51.net/article/5683.htm
VBS教程：VBScript 基础-VBScript 数据类型,https://www.jb51.net/article/4662.htm
VBS教程：VBScript 基础-VBScript 变量,https://www.jb51.net/article/4661.htm
VBS教程：VBScript 基础-VBScript 常数,https://www.jb51.net/article/4660.htm
VBS教程：VBScript 基础-VBScript 运算符,https://www.jb51.net/article/4659.htm
VBS教程：VBScript 基础-使用条件语句,https://www.jb51.net/article/4658.htm
VBS教程：VBScript 基础-使用循环语句,https://www.jb51.net/article/4657.htm
VBS教程：VBScript 基础-VBScript 过程,https://www.jb51.net/article/4656.htm
VBS教程：VBScript 基础-VBScript编码约定,https://www.jb51.net/article/4655.htm
VBS教程：VBScript 页面的简单样例,https://www.jb51.net/article/4654.htm
VBS教程：VBScript 与窗体,https://www.jb51.net/article/4653.htm
VBS教程：在 VBScript 中使用对象,https://www.jb51.net/article/4652.htm
VBS教程：函数-Abs 函数,https://www.jb51.net/article/4651.htm
VBS教程：函数-Array 函数,https://www.jb51.net/article/4650.htm
VBS教程：函数-Asc 函数,https://www.jb51.net/article/4649.htm
VBS教程：函数-Atn 函数,https://www.jb51.net/article/4648.htm
VBS教程：函数-CBool 函数,https://www.jb51.net/article/4647.htm
VBS教程：函数-CByte 函数,https://www.jb51.net/article/4646.htm
VBS教程：函数-CCur 函数,https://www.jb51.net/article/4645.htm
VBS教程：函数-CDate 函数,https://www.jb51.net/article/4644.htm
VBS教程：函数-CDbl 函数,https://www.jb51.net/article/4643.htm
VBS教程：函数-Chr 函数,https://www.jb51.net/article/4642.htm
VBS教程：函数-CInt 函数,https://www.jb51.net/article/4641.htm
VBS教程：函数-CLng 函数,https://www.jb51.net/article/4640.htm
VBS教程：函数-转换函数,https://www.jb51.net/article/4639.htm
VBS教程：函数-Cos 函数,https://www.jb51.net/article/4638.htm
VBS教程：函数-CreateObject 函数,https://www.jb51.net/article/4637.htm
VBS教程：函数-CSng 函数,https://www.jb51.net/article/4636.htm
VBS教程：函数-CStr 函数,https://www.jb51.net/article/4635.htm
VBS教程：函数-Date 函数,https://www.jb51.net/article/4634.htm
VBS教程：函数-DateAdd 函数,https://www.jb51.net/article/4633.htm
VBS教程：函数-DateDiff 函数,https://www.jb51.net/article/4632.htm
VBS教程：函数-DatePart 函数,https://www.jb51.net/article/4631.htm
VBS教程：函数-DateSerial 函数,https://www.jb51.net/article/4630.htm
VBS教程：函数-DateValue 函数,https://www.jb51.net/article/4629.htm
VBS教程：函数-Day 函数,https://www.jb51.net/article/4628.htm
VBS教程：函数-派生数学函数,https://www.jb51.net/article/4627.htm
VBS教程：函数-Eval 函数,https://www.jb51.net/article/4626.htm
VBS教程：函数-Exp 函数,https://www.jb51.net/article/4625.htm
VBS教程：函数-Filter 函数,https://www.jb51.net/article/4624.htm
VBS教程：函数-FormatCurrency 函数,https://www.jb51.net/article/4623.htm
VBS教程：函数-FormatDateTime 函数,https://www.jb51.net/article/4622.htm
VBS教程：函数-FormatNumber 函数,https://www.jb51.net/article/4621.htm
VBS教程：函数-FormatPercent 函数,https://www.jb51.net/article/4620.htm
VBS教程：函数-GetLocale 函数,https://www.jb51.net/article/4619.htm
VBS教程：函数-GetObject 函数,https://www.jb51.net/article/4618.htm
VBS教程：函数-GetRef 函数,https://www.jb51.net/article/4617.htm
VBS教程：函数-Hex 函数,https://www.jb51.net/article/4616.htm
VBS教程：函数-Hour 函数,https://www.jb51.net/article/4615.htm
VBS教程：函数-InputBox 函数,https://www.jb51.net/article/4614.htm
VBS教程：函数-InStr 函数,https://www.jb51.net/article/4613.htm
VBS教程：函数-InStrRev 函数,https://www.jb51.net/article/4612.htm
VBS教程：函数-Int、Fix 函数,https://www.jb51.net/article/4611.htm
VBS教程：函数-IsArray 函数,https://www.jb51.net/article/4610.htm
VBS教程：函数-IsDate 函数,https://www.jb51.net/article/4609.htm
VBS教程：函数-IsEmpty 函数,https://www.jb51.net/article/4608.htm
VBS教程：函数-IsNull 函数,https://www.jb51.net/article/4607.htm
VBS教程：函数-IsNumeric 函数,https://www.jb51.net/article/4606.htm
VBS教程：函数-IsObject 函数,https://www.jb51.net/article/4605.htm
VBS教程：函数-Join 函数,https://www.jb51.net/article/4604.htm
VBS教程：函数-LBound 函数,https://www.jb51.net/article/4603.htm
VBS教程：函数-LCase 函数,https://www.jb51.net/article/4602.htm
VBS教程：函数-Left 函数,https://www.jb51.net/article/4601.htm
VBS教程：函数-Len 函数,https://www.jb51.net/article/4600.htm
VBS教程：函数-LoadPicture 函数,https://www.jb51.net/article/4599.htm
VBS教程：函数-Log 函数,https://www.jb51.net/article/4598.htm
VBS教程：函数-LTrim、RTrim 和 Trim 函数,https://www.jb51.net/article/4597.htm
VBS教程：函数-数学函数,https://www.jb51.net/article/4596.htm
VBS教程：函数-Mid 函数,https://www.jb51.net/article/4595.htm
VBS教程：函数-ScriptEngineMajorVersion 函数,https://www.jb51.net/article/4593.htm
VBS教程：函数-ScriptEngineMinorVersion 函数,https://www.jb51.net/article/4592.htm
VBS教程：函数-Second 函数,https://www.jb51.net/article/4591.htm
VBS教程：函数-SetLocale 函数,https://www.jb51.net/article/4590.htm
VBS教程：函数-Sgn 函数,https://www.jb51.net/article/4589.htm
VBS教程：函数-Sin 函数,https://www.jb51.net/article/4588.htm
VBS教程：函数-Space 函数,https://www.jb51.net/article/4587.htm
VBS教程：函数-Split 函数,https://www.jb51.net/article/4586.htm
VBS教程：函数-Sqr 函数,https://www.jb51.net/article/4585.htm
VBS教程：函数-StrComp 函数,https://www.jb51.net/article/4584.htm
VBS教程：函数-String 函数,https://www.jb51.net/article/4583.htm
VBS教程：函数-StrReverse 函数,https://www.jb51.net/article/4582.htm
VBS教程：函数-Tan 函数,https://www.jb51.net/article/4581.htm
VBS教程：函数-Time 函数,https://www.jb51.net/article/4580.htm
VBS教程：函数-Timer 函数,https://www.jb51.net/article/4579.htm
VBS教程：函数-TimeSerial 函数,https://www.jb51.net/article/4578.htm
VBS教程：函数-TimeValue,https://www.jb51.net/article/4577.htm
VBS教程：函数-TypeName 函数,https://www.jb51.net/article/4576.htm
VBS教程：函数-UBound 函数,https://www.jb51.net/article/4575.htm
VBS教程：函数-UCase 函数,https://www.jb51.net/article/4574.htm
VBS教程：函数-VarType 函数,https://www.jb51.net/article/4573.htm
VBS教程：函数-Weekday 函数,https://www.jb51.net/article/4572.htm
VBS教程：函数-WeekDayName 函数,https://www.jb51.net/article/4571.htm
VBS教程：函数-Year 函数,https://www.jb51.net/article/4570.htm
VBS教程：方法-Clear 方法,https://www.jb51.net/article/4569.htm
VBS教程：方法-Execute 方法,https://www.jb51.net/article/4568.htm
VBS教程：方法-Raise 方法,https://www.jb51.net/article/4567.htm
VBS教程：方法-Replace 方法,https://www.jb51.net/article/4566.htm
VBS教程：方法-Test 方法,https://www.jb51.net/article/4565.htm
VBS教程：字符集 (0 - 127),https://www.jb51.net/article/4564.htm
VBS教程：VBScript 对象,https://www.jb51.net/article/4563.htm
VBS教程：对象-Class 对象,https://www.jb51.net/article/4562.htm
VBS教程：对象-Err,https://www.jb51.net/article/4561.htm
VBS教程：对象-Match 对象,https://www.jb51.net/article/4560.htm
VBS教程：对象-Matches 集合,https://www.jb51.net/article/4559.htm
VBS教程：对象-正则表达式(RegExp)对象,https://www.jb51.net/article/4558.htm
VBS教程：运算符-运算符(+),https://www.jb51.net/article/4557.htm
VBS教程：运算符-And 运算符,https://www.jb51.net/article/4556.htm
VBS教程：运算符-赋值运算符 (=),https://www.jb51.net/article/4555.htm
VBS教程：运算符-比较运算符,https://www.jb51.net/article/4554.htm
VBS教程：运算符-连接运算符 (&),https://www.jb51.net/article/4553.htm
VBS教程：运算符-除运算符 (/),https://www.jb51.net/article/4552.htm
VBS教程：运算符-Eqv 运算符,https://www.jb51.net/article/4551.htm
VBS教程：运算符-幂运算符 (^),https://www.jb51.net/article/4550.htm
VBS教程：运算符-Imp 运算符,https://www.jb51.net/article/4549.htm
VBS教程：运算符-\ 运算符,https://www.jb51.net/article/4548.htm
VBS教程：运算符-Is 运算符,https://www.jb51.net/article/4547.htm
VBS教程：运算符-逻辑运算符,https://www.jb51.net/article/4546.htm
VBS教程：运算符-Mod 运算符,https://www.jb51.net/article/4545.htm
VBS教程：运算符-乘运算符 (*),https://www.jb51.net/article/4544.htm
VBS教程：运算符-Not 运算符,https://www.jb51.net/article/4543.htm
VBS教程：运算符-运算符优先级,https://www.jb51.net/article/4542.htm
VBS教程：运算符-运算符概述,https://www.jb51.net/article/4541.htm
VBS教程：运算符-Or 运算符,https://www.jb51.net/article/4540.htm
VBS教程：运算符-减运算符 (-),https://www.jb51.net/article/4539.htm
VBS教程：运算符-Xor 运算符,https://www.jb51.net/article/4538.htm
VBS教程：VBscript属性-功能介绍,https://www.jb51.net/article/4537.htm
VBS教程：VBscript属性-Description 属性,https://www.jb51.net/article/4536.htm
VBS教程：VBscript属性-FirstIndex 属性,https://www.jb51.net/article/4535.htm
VBS教程：VBscript属性-Global 属性,https://www.jb51.net/article/4534.htm
VBS教程：VBscript属性-HelpContext 属性,https://www.jb51.net/article/4533.htm
VBS教程：VBscript属性-HelpFile 属性,https://www.jb51.net/article/4532.htm
VBS教程：VBscript属性-IgnoreCase 属性,https://www.jb51.net/article/4531.htm
VBS教程：VBscript属性-Length 属性,https://www.jb51.net/article/4530.htm
VBS教程：VBscript属性-Number 属性,https://www.jb51.net/article/4529.htm
VBS教程：VBscript属性-Pattern 属性,https://www.jb51.net/article/4528.htm
VBS教程：VBscript属性-Source 属性,https://www.jb51.net/article/4527.htm
VBS教程：VBscript属性-Value 属性,https://www.jb51.net/article/4526.htm
VBS教程：VBscript语句-功能介绍,https://www.jb51.net/article/4525.htm
VBS教程：VBscript语句-Call 语句,https://www.jb51.net/article/4524.htm
VBS教程：VBscript语句-Class 语句,https://www.jb51.net/article/4523.htm
VBS教程：VBscript语句-Const 语句,https://www.jb51.net/article/4522.htm
VBS教程：VBscript语句-Dim 语句,https://www.jb51.net/article/4521.htm
VBS教程：VBscript语句-Do...Loop 语句,https://www.jb51.net/article/4520.htm
VBS教程：VBscript语句-Erase 语句,https://www.jb51.net/article/4519.htm
VBS教程：VBscript语句-Execute 语句,https://www.jb51.net/article/4518.htm
VBS教程：VBscript语句-ExecuteGlobal 语句,https://www.jb51.net/article/4517.htm
VBS教程：VBscript语句-Exit 语句,https://www.jb51.net/article/4516.htm
VBS教程：VBscript语句-For Each...Next 语句,https://www.jb51.net/article/4515.htm
VBS教程：VBscript语句-For...Next 语句,https://www.jb51.net/article/4514.htm
VBS教程：VBscript语句-Function 语句,https://www.jb51.net/article/4513.htm
VBS教程：VBscript语句-If...Then...Else 语句,https://www.jb51.net/article/4512.htm
VBS教程：VBscript语句-On Error 语句,https://www.jb51.net/article/4511.htm
VBS教程：VBscript语句-Option Explicit 语句,https://www.jb51.net/article/4510.htm
VBS教程：VBscript语句-Private 语句,https://www.jb51.net/article/4509.htm
VBS教程：VBscript语句-Property Get 语句,https://www.jb51.net/article/4508.htm
VBS教程：VBScript 语句-Property Let 语句,https://www.jb51.net/article/4507.htm
VBS教程：VBScript 语句-Property Set 语句,https://www.jb51.net/article/4506.htm
VBS教程：VBScript 语句-Public 语句,https://www.jb51.net/article/4505.htm
VBS教程：VBScript 语句-Randomize 语句,https://www.jb51.net/article/4504.htm
VBS教程：VBScript 语句-ReDim 语句,https://www.jb51.net/article/4503.htm
VBS教程：VBScript 语句-Rem 语句,https://www.jb51.net/article/4502.htm
VBS教程：VBScript 语句-Select Case 语句,https://www.jb51.net/article/4501.htm
VBS教程：VBScript 语句-Set 语句,https://www.jb51.net/article/4500.htm
VBS教程：VBScript 语句-Sub 语句,https://www.jb51.net/article/4499.htm
VBS教程：语句-While...Wend 语句,https://www.jb51.net/article/4498.htm
VBS教程：VBScript 语句-With 语句,https://www.jb51.net/article/4497.htm
VBS教程：方法-Add 方法(Dictionary),https://www.jb51.net/article/4496.htm
VBS教程：方法-AddFolders 方法(Folders),https://www.jb51.net/article/4495.htm
VBS教程：方法-BuildPath 方法,https://www.jb51.net/article/4494.htm
VBS教程：方法-Close 方法,https://www.jb51.net/article/4493.htm
VBS教程：方法-Copy 方法,https://www.jb51.net/article/4492.htm
VBS教程：方法-CopyFile 方法,https://www.jb51.net/article/4491.htm
VBS教程：方法-CopyFolder 方法,https://www.jb51.net/article/4490.htm
VBS教程：方法-CreateFolder 方法,https://www.jb51.net/article/4489.htm
VBS教程：fso方法-CreateTextFile 方法,https://www.jb51.net/article/4488.htm
VBS教程：方法-Delete 方法,https://www.jb51.net/article/4487.htm
VBS教程：方法-DeleteFile 方法,https://www.jb51.net/article/4486.htm
VBS教程：方法-DeleteFolder 方法,https://www.jb51.net/article/4485.htm
VBS教程：方法-DriveExists 方法,https://www.jb51.net/article/4484.htm
VBS教程：方法-Exists 方法,https://www.jb51.net/article/4483.htm
VBS教程：方法-FileExists 方法,https://www.jb51.net/article/4482.htm
VBS教程：方法-FolderExists 方法,https://www.jb51.net/article/4481.htm
VBS教程：方法-GetAbsolutePathName 方法,https://www.jb51.net/article/4480.htm
VBS教程：方法-GetBaseName 方法,https://www.jb51.net/article/4479.htm
VBS教程：方法-GetDrive 方法,https://www.jb51.net/article/4478.htm
VBS教程：方法-GetDriveName 方法,https://www.jb51.net/article/4477.htm
VBS教程：方法-GetExtensionName 方法,https://www.jb51.net/article/4476.htm
VBS教程：方法-GetFile 方法,https://www.jb51.net/article/4475.htm
VBS教程：方法-GetFileName 方法,https://www.jb51.net/article/4474.htm
VBS教程：方法-GetFolder 方法,https://www.jb51.net/article/4473.htm
VBS教程：方法-GetParentFolderName 方法,https://www.jb51.net/article/4472.htm
VBS教程：方法-GetSpecialFolder 方法,https://www.jb51.net/article/4471.htm
VBS教程：方法-GetTempName 方法,https://www.jb51.net/article/4470.htm
VBS教程：方法-Items 方法,https://www.jb51.net/article/4469.htm
VBS教程：方法-Keys 方法,https://www.jb51.net/article/4468.htm
VBS教程：方法-Move 方法,https://www.jb51.net/article/4467.htm
VBS教程：方法-MoveFile 方法,https://www.jb51.net/article/4466.htm
VBS教程：方法-MoveFolder 方法,https://www.jb51.net/article/4465.htm
VBS教程：方法-OpenAsTextStream 方法,https://www.jb51.net/article/4464.htm
VBS教程：方法-OpenTextFile 方法,https://www.jb51.net/article/4463.htm
VBS教程：方法-Read 方法,https://www.jb51.net/article/4462.htm
VBS教程：方法-ReadAll 方法,https://www.jb51.net/article/4461.htm
VBS教程：方法-ReadLine 方法,https://www.jb51.net/article/4460.htm
VBS教程：方法-Remove 方法,https://www.jb51.net/article/4459.htm
VBS教程：方法-Skip 方法,https://www.jb51.net/article/4458.htm
VBS教程：方法-SkipLine 方法,https://www.jb51.net/article/4457.htm
VBS教程：方法-Write 方法,https://www.jb51.net/article/4456.htm
VBS教程：方法-WriteBlankLines 方法,https://www.jb51.net/article/4455.htm
VBS教程：方法-WriteLine 方法,https://www.jb51.net/article/4454.htm
VBS教程：对象-Dictionary,https://www.jb51.net/article/4453.htm
VBS教程：对象-Drive 对象,https://www.jb51.net/article/4452.htm
VBS教程：对象-Drives 集合,https://www.jb51.net/article/4451.htm
VBS教程：对象-File 对象,https://www.jb51.net/article/4450.htm
VBS教程：对象-Files 集合,https://www.jb51.net/article/4449.htm
VBS教程：对象-FileSystemObject 对象,https://www.jb51.net/article/4448.htm
VBS教程：对象-Folder 对象,https://www.jb51.net/article/4447.htm
VBS教程：对象-Folders 集合,https://www.jb51.net/article/4446.htm
VBS教程：属性-AtEndOfLine 属性,https://www.jb51.net/article/4445.htm
VBS教程：属性-AtEndOfStream 属性,https://www.jb51.net/article/4444.htm
VBS教程：属性-Attributes 属性,https://www.jb51.net/article/4443.htm
VBS教程：属性-AvailableSpace 属性,https://www.jb51.net/article/4442.htm
VBS教程：属性-Column 属性,https://www.jb51.net/article/4441.htm
VBS教程：属性-CompareMode 属性,https://www.jb51.net/article/4440.htm
VBS教程：属性-Count 属性,https://www.jb51.net/article/4439.htm
VBS教程：属性-DateCreated 属性,https://www.jb51.net/article/4438.htm
VBS教程：属性-DateLastAccessed 属性,https://www.jb51.net/article/4437.htm
VBS教程：属性-DateLastModified 属性,https://www.jb51.net/article/4436.htm
VBS教程：属性-Drive 属性,https://www.jb51.net/article/4435.htm
VBS教程：属性-DriveLetter 属性,https://www.jb51.net/article/4434.htm
VBS教程：属性-Drives 属性,https://www.jb51.net/article/4433.htm
VBS教程：属性-DriveType 属性,https://www.jb51.net/article/4432.htm
VBS教程：属性-Files 属性,https://www.jb51.net/article/4431.htm
VBS教程：属性-FileSystem 属性,https://www.jb51.net/article/4430.htm
VBS教程：属性-FreeSpace 属性,https://www.jb51.net/article/4429.htm
VBS教程：属性-IsReady 属性,https://www.jb51.net/article/4428.htm
VBS教程：属性-IsRootFolder 属性,https://www.jb51.net/article/4427.htm
VBS教程：属性-Item 属性,https://www.jb51.net/article/4426.htm
VBS教程：属性-Key 属性,https://www.jb51.net/article/4425.htm
VBS教程：属性-Line 属性,https://www.jb51.net/article/4424.htm
VBS教程：属性-Name 属性,https://www.jb51.net/article/4423.htm
VBS教程：属性-ParentFolder 属性,https://www.jb51.net/article/4422.htm
VBS教程：属性-Path 属性,https://www.jb51.net/article/4421.htm
VBS教程：属性-RootFolder 属性,https://www.jb51.net/article/4420.htm
VBS教程：属性-SerialNumber 属性,https://www.jb51.net/article/4419.htm
VBS教程：属性-ShareName 属性,https://www.jb51.net/article/4418.htm
VBS教程：属性-ShortName 属性,https://www.jb51.net/article/4417.htm
VBS教程：属性-ShortPath 属性,https://www.jb51.net/article/4416.htm
VBS教程：属性-Size 属性,https://www.jb51.net/article/4415.htm
VBS教程：属性-SubFolders 属性,https://www.jb51.net/article/4414.htm
VBS教程：属性-TotalSize 属性,https://www.jb51.net/article/4413.htm
VBS教程：属性-TotalSize 属性,https://www.jb51.net/article/4412.htm
VBS教程：属性-Type 属性,https://www.jb51.net/article/4411.htm
VBS教程：属性-VolumeName 属性,https://www.jb51.net/article/4410.htm
VBS教程：正则表达式简介,https://www.jb51.net/article/4409.htm
VBS教程：正则表达式简介 -正则表达式,https://www.jb51.net/article/4408.htm
VBS教程：正则表达式简介 -早期起源,https://www.jb51.net/article/4407.htm
VBS教程：正则表达式简介 -使用正则表达式,https://www.jb51.net/article/4406.htm
VBS教程：正则表达式简介 -正则表达式语法,https://www.jb51.net/article/4405.htm
VBS教程：正则表达式简介 -建立正则表达式,https://www.jb51.net/article/4404.htm
VBS教程：正则表达式简介 -优先权顺序,https://www.jb51.net/article/4403.htm
VBS教程：正则表达式简介 -普通字符,https://www.jb51.net/article/4402.htm
VBS教程：正则表达式简介 -特殊字符,https://www.jb51.net/article/4401.htm
VBS教程：正则表达式简介 -非打印字符,https://www.jb51.net/article/4400.htm
VBS教程：正则表达式简介 -字符匹配,https://www.jb51.net/article/4399.htm
VBS教程：正则表达式简介 -限定符,https://www.jb51.net/article/4398.htm
VBS教程：正则表达式简介 -定位符,https://www.jb51.net/article/4397.htm
VBS教程：正则表达式简介 -选择与编组,https://www.jb51.net/article/4396.htm
VBS教程：正则表达式简介 -后向引用,https://www.jb51.net/article/4395.htm
MsgBox函数语言参考,https://www.jb51.net/article/4394.htm
VBScript语法速查及实例说明,https://www.jb51.net/article/4393.htm
VBScript的入门学习资料,https://www.jb51.net/article/4392.htm
VBScript教程 第一课什么是VBScript,https://www.jb51.net/article/4391.htm
VBScript教程 第二课在HTML页面中添加VBscript代码,https://www.jb51.net/article/4390.htm
VBScript教程 第三课VBScript数据类型,https://www.jb51.net/article/4389.htm
VBScript教程 第四课VBScript变量,https://www.jb51.net/article/4388.htm
VBscript教程 第五课 VBScript常数,https://www.jb51.net/article/4387.htm
VBScript教程 第六课VBScript运算符,https://www.jb51.net/article/4386.htm
VBScript教程 第七课使用条件语句,https://www.jb51.net/article/4385.htm
VBScript教程 第八课 使用循环语句,https://www.jb51.net/article/4384.htm
VBScript教程 第九课VBScript过程,https://www.jb51.net/article/4383.htm
VBScript教程 第十课 VBScript编码约定,https://www.jb51.net/article/4382.htm
VBScript教程 第十一课深入VBScript,https://www.jb51.net/article/4381.htm
VBScript教程 第十二课VBScript页面的简单样例,https://www.jb51.net/article/4380.htm
