rate,cover_x,title,url,playable,cover,id,cover_y,is_new
rate,cover_x,title,url,playable,cover,id,cover_y,is_new
rate,cover_x,title,url,playable,cover,id,cover_y,is_new
rate,cover_x,title,url,playable,cover,id,cover_y,is_new
rate,cover_x,title,url,playable,cover,id,cover_y,is_new
rate,cover_x,title,url,playable,cover,id,cover_y,is_new
rate,cover_x,title,url,playable,cover,id,cover_y,is_new
rate,cover_x,title,url,playable,cover,id,cover_y,is_new
rate,cover_x,title,url,playable,cover,id,cover_y,is_new
rate,cover_x,title,url,playable,cover,id,cover_y,is_new
rate,cover_x,title,url,playable,cover,id,cover_y,is_new
rate,cover_x,title,url,playable,cover,id,cover_y,is_new
rate,cover_x,title,url,playable,cover,id,cover_y,is_new
rate,cover_x,title,url,playable,cover,id,cover_y,is_new
rate,cover_x,title,url,playable,cover,id,cover_y,is_new
rate,cover_x,title,url,playable,cover,id,cover_y,is_new
rate,cover_x,title,url,playable,cover,id,cover_y,is_new
rate,cover_x,title,url,playable,cover,id,cover_y,is_new
rate,cover_x,title,url,playable,cover,id,cover_y,is_new
rate,cover_x,title,url,playable,cover,id,cover_y,is_new
rate,cover_x,title,url,playable,cover,id,cover_y,is_new
rate,cover_x,title,url,playable,cover,id,cover_y,is_new
rate,cover_x,title,url,playable,cover,id,cover_y,is_new
rate,cover_x,title,url,playable,cover,id,cover_y,is_new
rate,cover_x,title,url,playable,cover,id,cover_y,is_new
rate,cover_x,title,url,playable,cover,id,cover_y,is_new
rate,cover_x,title,url,playable,cover,id,cover_y,is_new
rate,cover_x,title,url,playable,cover,id,cover_y,is_new
rate,cover_x,title,url,playable,cover,id,cover_y,is_new
rate,cover_x,title,url,playable,cover,id,cover_y,is_new
rate,cover_x,title,url,playable,cover,id,cover_y,is_new
rate,cover_x,title,url,playable,cover,id,cover_y,is_new
rate,cover_x,title,url,playable,cover,id,cover_y,is_new
rate,cover_x,title,url,playable,cover,id,cover_y,is_new
rate,cover_x,title,url,playable,cover,id,cover_y,is_new
rate,cover_x,title,url,playable,cover,id,cover_y,is_new
rate,cover_x,title,url,playable,cover,id,cover_y,is_new
rate,cover_x,title,url,playable,cover,id,cover_y,is_new
rate,cover_x,title,url,playable,cover,id,cover_y,is_new
rate,cover_x,title,url,playable,cover,id,cover_y,is_new
rate,cover_x,title,url,playable,cover,id,cover_y,is_new
rate,cover_x,title,url,playable,cover,id,cover_y,is_new
rate,cover_x,title,url,playable,cover,id,cover_y,is_new
rate,cover_x,title,url,playable,cover,id,cover_y,is_new
rate,cover_x,title,url,playable,cover,id,cover_y,is_new
rate,cover_x,title,url,playable,cover,id,cover_y,is_new
rate,cover_x,title,url,playable,cover,id,cover_y,is_new
rate,cover_x,title,url,playable,cover,id,cover_y,is_new
rate,cover_x,title,url,playable,cover,id,cover_y,is_new
rate,cover_x,title,url,playable,cover,id,cover_y,is_new
