title,url,article
Missing,https://www.oxmo.cn/gif/,
Missing,https://www.oxmo.cn/gif/,
一键卸妆后扯下来的布块，男人看了惊叫，女人看了沉默！,https://www.oxmo.cn/gif/%e4%b8%80%e9%94%ae%e5%8d%b8%e5%a6%86%e5%90%8e%e6%89%af%e4%b8%8b%e6%9d%a5%e7%9a%84%e5%b8%83%e5%9d%97%ef%bc%8c%e7%94%b7%e4%ba%ba%e7%9c%8b%e4%ba%86%e6%83%8a%e5%8f%ab%ef%bc%8c%e5%a5%b3%e4%ba%ba%e7%9c%8b/,<div class="entry-content"><div><img class="lazyload" data-src="https://www.oxmo.cn/?__ta=refer&amp;url=http%3A%2F%2Fs1.dwstatic.com%2Fgroup1%2FM00%2FD3%2FD4%2Fd045079d2928e5060f45e61bbe96c991.gif" src="https://cdn.jsdelivr.net/gh/moezx/cdn@3.0.2/img/svg/loader/trans.ajax-spinner-preloader.svg" onerror="imgError(this)" alt=""></div> <noscript><img src="https://www.oxmo.cn/?__ta=refer&amp;url=http%3A%2F%2Fs1.dwstatic.com%2Fgroup1%2FM00%2FD3%2FD4%2Fd045079d2928e5060f45e61bbe96c991.gif" class="aligncenter" alt=""></noscript></div>
看我的新车，很帅吧，我存了好久钱才买……,https://www.oxmo.cn/gif/%e7%9c%8b%e6%88%91%e7%9a%84%e6%96%b0%e8%bd%a6%ef%bc%8c%e5%be%88%e5%b8%85%e5%90%a7%ef%bc%8c%e6%88%91%e5%ad%98%e4%ba%86%e5%a5%bd%e4%b9%85%e9%92%b1%e6%89%8d%e4%b9%b0/,<div class="entry-content"><div><img class="lazyload" data-src="https://www.oxmo.cn/?__ta=refer&amp;url=http%3A%2F%2Fs1.dwstatic.com%2Fgroup1%2FM00%2F42%2F6E%2F04358cb6dad19639da0b07e19b98c1fd.gif" src="https://cdn.jsdelivr.net/gh/moezx/cdn@3.0.2/img/svg/loader/trans.ajax-spinner-preloader.svg" onerror="imgError(this)" alt=""></div> <noscript><img src="https://www.oxmo.cn/?__ta=refer&amp;url=http%3A%2F%2Fs1.dwstatic.com%2Fgroup1%2FM00%2F42%2F6E%2F04358cb6dad19639da0b07e19b98c1fd.gif" class="aligncenter" alt=""></noscript></div>
狗子：让我拎菜，我给你拎个锤子。,https://www.oxmo.cn/gif/%e7%8b%97%e5%ad%90%ef%bc%9a%e8%ae%a9%e6%88%91%e6%8b%8e%e8%8f%9c%ef%bc%8c%e6%88%91%e7%bb%99%e4%bd%a0%e6%8b%8e%e4%b8%aa%e9%94%a4%e5%ad%90%e3%80%82/,<div class="entry-content"><div><img class="lazyload" data-src="https://www.oxmo.cn/?__ta=refer&amp;url=http%3A%2F%2Fs1.dwstatic.com%2Fgroup1%2FM00%2F91%2F9D%2F2545847a831843ed232003840781818d.gif" src="https://cdn.jsdelivr.net/gh/moezx/cdn@3.0.2/img/svg/loader/trans.ajax-spinner-preloader.svg" onerror="imgError(this)" alt=""></div> <noscript><img src="https://www.oxmo.cn/?__ta=refer&amp;url=http%3A%2F%2Fs1.dwstatic.com%2Fgroup1%2FM00%2F91%2F9D%2F2545847a831843ed232003840781818d.gif" class="aligncenter" alt=""></noscript></div>
妹子：家族遗传，我现在有点担忧自己,https://www.oxmo.cn/gif/%e5%a6%b9%e5%ad%90%ef%bc%9a%e5%ae%b6%e6%97%8f%e9%81%97%e4%bc%a0%ef%bc%8c%e6%88%91%e7%8e%b0%e5%9c%a8%e6%9c%89%e7%82%b9%e6%8b%85%e5%bf%a7%e8%87%aa%e5%b7%b1/,<div class="entry-content"><div><img class="lazyload" data-src="https://www.oxmo.cn/?__ta=refer&amp;url=http%3A%2F%2Fs1.dwstatic.com%2Fgroup1%2FM00%2F87%2FC2%2Fec038f2715a3263c5d862706bc884d5b.gif" src="https://cdn.jsdelivr.net/gh/moezx/cdn@3.0.2/img/svg/loader/trans.ajax-spinner-preloader.svg" onerror="imgError(this)" alt=""></div> <noscript><img src="https://www.oxmo.cn/?__ta=refer&amp;url=http%3A%2F%2Fs1.dwstatic.com%2Fgroup1%2FM00%2F87%2FC2%2Fec038f2715a3263c5d862706bc884d5b.gif" class="aligncenter" alt=""></noscript></div>
几天前说养猫就断绝关系的父亲，如今不想认我当儿子,https://www.oxmo.cn/gif/%e5%87%a0%e5%a4%a9%e5%89%8d%e8%af%b4%e5%85%bb%e7%8c%ab%e5%b0%b1%e6%96%ad%e7%bb%9d%e5%85%b3%e7%b3%bb%e7%9a%84%e7%88%b6%e4%ba%b2%ef%bc%8c%e5%a6%82%e4%bb%8a%e4%b8%8d%e6%83%b3%e8%ae%a4%e6%88%91%e5%bd%93/,<div class="entry-content"><div><img class="lazyload" data-src="https://www.oxmo.cn/?__ta=refer&amp;url=http%3A%2F%2Fs1.dwstatic.com%2Fgroup1%2FM00%2FA3%2F53%2Fd3e2e3abaa34823ea52a9210db89bcc3.gif" src="https://cdn.jsdelivr.net/gh/moezx/cdn@3.0.2/img/svg/loader/trans.ajax-spinner-preloader.svg" onerror="imgError(this)" alt=""></div> <noscript><img src="https://www.oxmo.cn/?__ta=refer&amp;url=http%3A%2F%2Fs1.dwstatic.com%2Fgroup1%2FM00%2FA3%2F53%2Fd3e2e3abaa34823ea52a9210db89bcc3.gif" class="aligncenter" alt=""></noscript></div>
有一员小将，东门大街上杀了个七进七出，如入无人之境……,https://www.oxmo.cn/gif/%e6%9c%89%e4%b8%80%e5%91%98%e5%b0%8f%e5%b0%86%ef%bc%8c%e4%b8%9c%e9%97%a8%e5%a4%a7%e8%a1%97%e4%b8%8a%e6%9d%80%e4%ba%86%e4%b8%aa%e4%b8%83%e8%bf%9b%e4%b8%83%e5%87%ba%ef%bc%8c%e5%a6%82%e5%85%a5%e6%97%a0/,<div class="entry-content"><div><img class="lazyload" data-src="https://www.oxmo.cn/?__ta=refer&amp;url=http%3A%2F%2Fs1.dwstatic.com%2Fgroup1%2FM00%2F1F%2FEE%2F4e4b2e4b287e0d3438971abd5759b767.gif" src="https://cdn.jsdelivr.net/gh/moezx/cdn@3.0.2/img/svg/loader/trans.ajax-spinner-preloader.svg" onerror="imgError(this)" alt=""></div> <noscript><img src="https://www.oxmo.cn/?__ta=refer&amp;url=http%3A%2F%2Fs1.dwstatic.com%2Fgroup1%2FM00%2F1F%2FEE%2F4e4b2e4b287e0d3438971abd5759b767.gif" class="aligncenter" alt=""></noscript></div>
Missing,https://www.oxmo.cn/gif/page/2/,
我老婆真可爱，你们别想了，永远不会是你们的！,https://www.oxmo.cn/gif/%e6%88%91%e8%80%81%e5%a9%86%e7%9c%9f%e5%8f%af%e7%88%b1%ef%bc%8c%e4%bd%a0%e4%bb%ac%e5%88%ab%e6%83%b3%e4%ba%86%ef%bc%8c%e6%b0%b8%e8%bf%9c%e4%b8%8d%e4%bc%9a%e6%98%af%e4%bd%a0%e4%bb%ac%e7%9a%84%ef%bc%81/,<div class="entry-content"><div><img class="lazyload" data-src="https://www.oxmo.cn/?__ta=refer&amp;url=http%3A%2F%2Fs1.dwstatic.com%2Fgroup1%2FM00%2FF1%2F5E%2F6f5c2b5205d84123fbc36c9852b1a482.gif" src="https://cdn.jsdelivr.net/gh/moezx/cdn@3.0.2/img/svg/loader/trans.ajax-spinner-preloader.svg" onerror="imgError(this)" alt=""></div> <noscript><img src="https://www.oxmo.cn/?__ta=refer&amp;url=http%3A%2F%2Fs1.dwstatic.com%2Fgroup1%2FM00%2FF1%2F5E%2F6f5c2b5205d84123fbc36c9852b1a482.gif" class="aligncenter" alt=""></noscript></div>
皮卡丘奔跑吧，画风突变使我措不及防,https://www.oxmo.cn/gif/%e7%9a%ae%e5%8d%a1%e4%b8%98%e5%a5%94%e8%b7%91%e5%90%a7%ef%bc%8c%e7%94%bb%e9%a3%8e%e7%aa%81%e5%8f%98%e4%bd%bf%e6%88%91%e6%8e%aa%e4%b8%8d%e5%8f%8a%e9%98%b2/,<div class="entry-content"><div><img class="lazyload" data-src="https://www.oxmo.cn/?__ta=refer&amp;url=http%3A%2F%2Fs1.dwstatic.com%2Fgroup1%2FM00%2F21%2F80%2F1563a6c61ea15c3c03b77316b151ddc8.gif" src="https://cdn.jsdelivr.net/gh/moezx/cdn@3.0.2/img/svg/loader/trans.ajax-spinner-preloader.svg" onerror="imgError(this)" alt=""></div> <noscript><img src="https://www.oxmo.cn/?__ta=refer&amp;url=http%3A%2F%2Fs1.dwstatic.com%2Fgroup1%2FM00%2F21%2F80%2F1563a6c61ea15c3c03b77316b151ddc8.gif" class="aligncenter" alt=""></noscript></div>
你永远也猜不到他下一个数字会怎么写,https://www.oxmo.cn/gif/%e4%bd%a0%e6%b0%b8%e8%bf%9c%e4%b9%9f%e7%8c%9c%e4%b8%8d%e5%88%b0%e4%bb%96%e4%b8%8b%e4%b8%80%e4%b8%aa%e6%95%b0%e5%ad%97%e4%bc%9a%e6%80%8e%e4%b9%88%e5%86%99/,<div class="entry-content"><div><img class="lazyload" data-src="https://www.oxmo.cn/?__ta=refer&amp;url=http%3A%2F%2Fs1.dwstatic.com%2Fgroup1%2FM00%2F40%2FE0%2F9fe0762e22eb30342223fa329a9f318d.gif" src="https://cdn.jsdelivr.net/gh/moezx/cdn@3.0.2/img/svg/loader/trans.ajax-spinner-preloader.svg" onerror="imgError(this)" alt=""></div> <noscript><img src="https://www.oxmo.cn/?__ta=refer&amp;url=http%3A%2F%2Fs1.dwstatic.com%2Fgroup1%2FM00%2F40%2FE0%2F9fe0762e22eb30342223fa329a9f318d.gif" class="aligncenter" alt=""></noscript></div>
我知道女主播的身材都是有水分的，只是没想过这么假！,https://www.oxmo.cn/gif/%e6%88%91%e7%9f%a5%e9%81%93%e5%a5%b3%e4%b8%bb%e6%92%ad%e7%9a%84%e8%ba%ab%e6%9d%90%e9%83%bd%e6%98%af%e6%9c%89%e6%b0%b4%e5%88%86%e7%9a%84%ef%bc%8c%e5%8f%aa%e6%98%af%e6%b2%a1%e6%83%b3%e8%bf%87%e8%bf%99/,<div class="entry-content"><div><img class="lazyload" data-src="https://www.oxmo.cn/?__ta=refer&amp;url=http%3A%2F%2Fs1.dwstatic.com%2Fgroup1%2FM00%2F94%2F94%2F4145fac20aa685d33e94b00ec4defc41.gif" src="https://cdn.jsdelivr.net/gh/moezx/cdn@3.0.2/img/svg/loader/trans.ajax-spinner-preloader.svg" onerror="imgError(this)" alt=""></div> <noscript><img src="https://www.oxmo.cn/?__ta=refer&amp;url=http%3A%2F%2Fs1.dwstatic.com%2Fgroup1%2FM00%2F94%2F94%2F4145fac20aa685d33e94b00ec4defc41.gif" class="aligncenter" alt=""></noscript></div>
请德国人吃饭，画面太感人,https://www.oxmo.cn/gif/%e8%af%b7%e5%be%b7%e5%9b%bd%e4%ba%ba%e5%90%83%e9%a5%ad%ef%bc%8c%e7%94%bb%e9%9d%a2%e5%a4%aa%e6%84%9f%e4%ba%ba/,<div class="entry-content"><div><img class="lazyload" data-src="https://www.oxmo.cn/?__ta=refer&amp;url=http%3A%2F%2Fs1.dwstatic.com%2Fgroup1%2FM00%2FA8%2F6A%2F2a6dbbafa4dcc0c6ef2dcb0c7627c936.gif" src="https://cdn.jsdelivr.net/gh/moezx/cdn@3.0.2/img/svg/loader/trans.ajax-spinner-preloader.svg" onerror="imgError(this)" alt=""></div> <noscript><img src="https://www.oxmo.cn/?__ta=refer&amp;url=http%3A%2F%2Fs1.dwstatic.com%2Fgroup1%2FM00%2FA8%2F6A%2F2a6dbbafa4dcc0c6ef2dcb0c7627c936.gif" class="aligncenter" alt=""></noscript></div>
一个让男人无法拒绝的COS。。。,https://www.oxmo.cn/gif/%e4%b8%80%e4%b8%aa%e8%ae%a9%e7%94%b7%e4%ba%ba%e6%97%a0%e6%b3%95%e6%8b%92%e7%bb%9d%e7%9a%84cos%e3%80%82%e3%80%82%e3%80%82/,<div class="entry-content"><div><img class="lazyload" data-src="https://www.oxmo.cn/?__ta=refer&amp;url=http%3A%2F%2Fs1.dwstatic.com%2Fgroup1%2FM00%2F52%2F89%2F451570b8d728a3eba8733bac70332f93.gif" src="https://cdn.jsdelivr.net/gh/moezx/cdn@3.0.2/img/svg/loader/trans.ajax-spinner-preloader.svg" onerror="imgError(this)" alt=""></div> <noscript><img src="https://www.oxmo.cn/?__ta=refer&amp;url=http%3A%2F%2Fs1.dwstatic.com%2Fgroup1%2FM00%2F52%2F89%2F451570b8d728a3eba8733bac70332f93.gif" class="aligncenter" alt=""></noscript></div>
舔不到蛋蛋的话，猫生还有什么意义。,https://www.oxmo.cn/gif/%e8%88%94%e4%b8%8d%e5%88%b0%e8%9b%8b%e8%9b%8b%e7%9a%84%e8%af%9d%ef%bc%8c%e7%8c%ab%e7%94%9f%e8%bf%98%e6%9c%89%e4%bb%80%e4%b9%88%e6%84%8f%e4%b9%89%e3%80%82/,<div class="entry-content"><div><img class="lazyload" data-src="https://www.oxmo.cn/?__ta=refer&amp;url=http%3A%2F%2Fs1.dwstatic.com%2Fgroup1%2FM00%2F82%2FDB%2Fc9d0b4c9fdba07709071784bce709c26.gif" src="https://cdn.jsdelivr.net/gh/moezx/cdn@3.0.2/img/svg/loader/trans.ajax-spinner-preloader.svg" onerror="imgError(this)" alt=""></div> <noscript><img src="https://www.oxmo.cn/?__ta=refer&amp;url=http%3A%2F%2Fs1.dwstatic.com%2Fgroup1%2FM00%2F82%2FDB%2Fc9d0b4c9fdba07709071784bce709c26.gif" class="aligncenter" alt=""></noscript></div>
狗子：你别这样，现在戒还来得及 ????,https://www.oxmo.cn/gif/%e7%8b%97%e5%ad%90%ef%bc%9a%e4%bd%a0%e5%88%ab%e8%bf%99%e6%a0%b7%ef%bc%8c%e7%8e%b0%e5%9c%a8%e6%88%92%e8%bf%98%e6%9d%a5%e5%be%97%e5%8f%8a/,<div class="entry-content"><div><img class="lazyload" data-src="https://www.oxmo.cn/?__ta=refer&amp;url=http%3A%2F%2Fs1.dwstatic.com%2Fgroup1%2FM00%2F1C%2FA0%2Fba3b6b8cc3e068ef8bb50a2047cb4ac4.gif" src="https://cdn.jsdelivr.net/gh/moezx/cdn@3.0.2/img/svg/loader/trans.ajax-spinner-preloader.svg" onerror="imgError(this)" alt=""></div> <noscript><img src="https://www.oxmo.cn/?__ta=refer&amp;url=http%3A%2F%2Fs1.dwstatic.com%2Fgroup1%2FM00%2F1C%2FA0%2Fba3b6b8cc3e068ef8bb50a2047cb4ac4.gif" class="aligncenter" alt=""></noscript></div>
现在的裤子质量真不怎么样，奇怪的是，居然这样99块钱还有人买,https://www.oxmo.cn/gif/%e7%8e%b0%e5%9c%a8%e7%9a%84%e8%a3%a4%e5%ad%90%e8%b4%a8%e9%87%8f%e7%9c%9f%e4%b8%8d%e6%80%8e%e4%b9%88%e6%a0%b7%ef%bc%8c%e5%a5%87%e6%80%aa%e7%9a%84%e6%98%af%ef%bc%8c%e5%b1%85%e7%84%b6%e8%bf%99%e6%a0%b799/,<div class="entry-content"><div><img class="lazyload" data-src="https://www.oxmo.cn/?__ta=refer&amp;url=http%3A%2F%2Fs1.dwstatic.com%2Fgroup1%2FM00%2FF0%2FBE%2Fc2881535b65cbe75fab6c387cf6e2992.gif" src="https://cdn.jsdelivr.net/gh/moezx/cdn@3.0.2/img/svg/loader/trans.ajax-spinner-preloader.svg" onerror="imgError(this)" alt=""></div> <noscript><img src="https://www.oxmo.cn/?__ta=refer&amp;url=http%3A%2F%2Fs1.dwstatic.com%2Fgroup1%2FM00%2FF0%2FBE%2Fc2881535b65cbe75fab6c387cf6e2992.gif" class="aligncenter" alt=""></noscript></div>
艳遇？爱情片看多了吧，不存在的,https://www.oxmo.cn/gif/%e8%89%b3%e9%81%87%ef%bc%9f%e7%88%b1%e6%83%85%e7%89%87%e7%9c%8b%e5%a4%9a%e4%ba%86%e5%90%a7%ef%bc%8c%e4%b8%8d%e5%ad%98%e5%9c%a8%e7%9a%84/,<div class="entry-content"><div><img class="lazyload" data-src="https://www.oxmo.cn/?__ta=refer&amp;url=http%3A%2F%2Fs1.dwstatic.com%2Fgroup1%2FM00%2F4A%2FFE%2F048be1ad1cfefd42b695e5bace862f31.gif" src="https://cdn.jsdelivr.net/gh/moezx/cdn@3.0.2/img/svg/loader/trans.ajax-spinner-preloader.svg" onerror="imgError(this)" alt=""></div> <noscript><img src="https://www.oxmo.cn/?__ta=refer&amp;url=http%3A%2F%2Fs1.dwstatic.com%2Fgroup1%2FM00%2F4A%2FFE%2F048be1ad1cfefd42b695e5bace862f31.gif" class="aligncenter" alt=""></noscript></div>
来不及安检了，司机！就这样直接开到登机口去！,https://www.oxmo.cn/gif/%e6%9d%a5%e4%b8%8d%e5%8f%8a%e5%ae%89%e6%a3%80%e4%ba%86%ef%bc%8c%e5%8f%b8%e6%9c%ba%ef%bc%81%e5%b0%b1%e8%bf%99%e6%a0%b7%e7%9b%b4%e6%8e%a5%e5%bc%80%e5%88%b0%e7%99%bb%e6%9c%ba%e5%8f%a3%e5%8e%bb%ef%bc%81/,<div class="entry-content"><div><img class="lazyload" data-src="https://www.oxmo.cn/?__ta=refer&amp;url=http%3A%2F%2Fs1.dwstatic.com%2Fgroup1%2FM00%2FEF%2F71%2F1b30afaa74e30078da673459f4d52816.gif" src="https://cdn.jsdelivr.net/gh/moezx/cdn@3.0.2/img/svg/loader/trans.ajax-spinner-preloader.svg" onerror="imgError(this)" alt=""></div> <noscript><img src="https://www.oxmo.cn/?__ta=refer&amp;url=http%3A%2F%2Fs1.dwstatic.com%2Fgroup1%2FM00%2FEF%2F71%2F1b30afaa74e30078da673459f4d52816.gif" class="aligncenter" alt=""></noscript></div>
谁说要得到你的心，我只要你的肉体！,https://www.oxmo.cn/gif/%e8%b0%81%e8%af%b4%e8%a6%81%e5%be%97%e5%88%b0%e4%bd%a0%e7%9a%84%e5%bf%83%ef%bc%8c%e6%88%91%e5%8f%aa%e8%a6%81%e4%bd%a0%e7%9a%84%e8%82%89%e4%bd%93%ef%bc%81/,<div class="entry-content"><div><img class="lazyload" data-src="https://www.oxmo.cn/?__ta=refer&amp;url=http%3A%2F%2Fs1.dwstatic.com%2Fgroup1%2FM00%2F15%2F8C%2F29b2bacda7a97ef17b2744ea61fe0d1a.gif" src="https://cdn.jsdelivr.net/gh/moezx/cdn@3.0.2/img/svg/loader/trans.ajax-spinner-preloader.svg" onerror="imgError(this)" alt=""></div> <noscript><img src="https://www.oxmo.cn/?__ta=refer&amp;url=http%3A%2F%2Fs1.dwstatic.com%2Fgroup1%2FM00%2F15%2F8C%2F29b2bacda7a97ef17b2744ea61fe0d1a.gif" class="aligncenter" alt=""></noscript></div>
愚蠢的人类啊！！！听从克苏鲁的感召吧~,https://www.oxmo.cn/gif/%e6%84%9a%e8%a0%a2%e7%9a%84%e4%ba%ba%e7%b1%bb%e5%95%8a%ef%bc%81%ef%bc%81%ef%bc%81%e5%90%ac%e4%bb%8e%e5%85%8b%e8%8b%8f%e9%b2%81%e7%9a%84%e6%84%9f%e5%8f%ac%e5%90%a7/,<div class="entry-content"><div><img class="lazyload" data-src="https://www.oxmo.cn/?__ta=refer&amp;url=http%3A%2F%2Fs1.dwstatic.com%2Fgroup1%2FM00%2F9A%2F90%2Fd3f9d2f7246432c1359978121c742430.gif" src="https://cdn.jsdelivr.net/gh/moezx/cdn@3.0.2/img/svg/loader/trans.ajax-spinner-preloader.svg" onerror="imgError(this)" alt=""></div> <noscript><img src="https://www.oxmo.cn/?__ta=refer&amp;url=http%3A%2F%2Fs1.dwstatic.com%2Fgroup1%2FM00%2F9A%2F90%2Fd3f9d2f7246432c1359978121c742430.gif" class="aligncenter" alt=""></noscript></div>
Missing,https://www.oxmo.cn/gif/page/3/,
当年我手指还在的时候也是这么操作的,https://www.oxmo.cn/gif/%e5%bd%93%e5%b9%b4%e6%88%91%e6%89%8b%e6%8c%87%e8%bf%98%e5%9c%a8%e7%9a%84%e6%97%b6%e5%80%99%e4%b9%9f%e6%98%af%e8%bf%99%e4%b9%88%e6%93%8d%e4%bd%9c%e7%9a%84/,<div class="entry-content"><div><img class="lazyload" data-src="https://www.oxmo.cn/?__ta=refer&amp;url=http%3A%2F%2Fs1.dwstatic.com%2Fgroup1%2FM00%2F40%2F38%2F5a273e9b65477a03c3e30e809927cf7d.gif" src="https://cdn.jsdelivr.net/gh/moezx/cdn@3.0.2/img/svg/loader/trans.ajax-spinner-preloader.svg" onerror="imgError(this)" alt=""></div> <noscript><img src="https://www.oxmo.cn/?__ta=refer&amp;url=http%3A%2F%2Fs1.dwstatic.com%2Fgroup1%2FM00%2F40%2F38%2F5a273e9b65477a03c3e30e809927cf7d.gif" class="aligncenter" alt=""></noscript></div>
高手在民间，失手在阴间,https://www.oxmo.cn/gif/%e9%ab%98%e6%89%8b%e5%9c%a8%e6%b0%91%e9%97%b4%ef%bc%8c%e5%a4%b1%e6%89%8b%e5%9c%a8%e9%98%b4%e9%97%b4/,<div class="entry-content"><div><img class="lazyload" data-src="https://www.oxmo.cn/?__ta=refer&amp;url=http%3A%2F%2Fs1.dwstatic.com%2Fgroup1%2FM00%2FE0%2F4A%2F7d3ca4b65923adf17ac22994bd8a12b4.gif" src="https://cdn.jsdelivr.net/gh/moezx/cdn@3.0.2/img/svg/loader/trans.ajax-spinner-preloader.svg" onerror="imgError(this)" alt=""></div> <noscript><img src="https://www.oxmo.cn/?__ta=refer&amp;url=http%3A%2F%2Fs1.dwstatic.com%2Fgroup1%2FM00%2FE0%2F4A%2F7d3ca4b65923adf17ac22994bd8a12b4.gif" class="aligncenter" alt=""></noscript></div>
孩子，这段路将是你人生的巅峰,https://www.oxmo.cn/gif/%e5%ad%a9%e5%ad%90%ef%bc%8c%e8%bf%99%e6%ae%b5%e8%b7%af%e5%b0%86%e6%98%af%e4%bd%a0%e4%ba%ba%e7%94%9f%e7%9a%84%e5%b7%85%e5%b3%b0/,<div class="entry-content"><div><img class="lazyload" data-src="https://www.oxmo.cn/?__ta=refer&amp;url=http%3A%2F%2Fs1.dwstatic.com%2Fgroup1%2FM00%2F44%2F6B%2F6e6aca7a9637b9fc380eee513de53a8e.gif" src="https://cdn.jsdelivr.net/gh/moezx/cdn@3.0.2/img/svg/loader/trans.ajax-spinner-preloader.svg" onerror="imgError(this)" alt=""></div> <noscript><img src="https://www.oxmo.cn/?__ta=refer&amp;url=http%3A%2F%2Fs1.dwstatic.com%2Fgroup1%2FM00%2F44%2F6B%2F6e6aca7a9637b9fc380eee513de53a8e.gif" class="aligncenter" alt=""></noscript></div>
今天冬至，祝大家冬至快乐啦，今天你们摸鱼了吗。,https://www.oxmo.cn/gif/%e4%bb%8a%e5%a4%a9%e5%86%ac%e8%87%b3%ef%bc%8c%e7%a5%9d%e5%a4%a7%e5%ae%b6%e5%86%ac%e8%87%b3%e5%bf%ab%e4%b9%90%e5%95%a6%ef%bc%8c%e4%bb%8a%e5%a4%a9%e4%bd%a0%e4%bb%ac%e6%91%b8%e9%b1%bc%e4%ba%86%e5%90%97/,<div class="entry-content"><div><img class="lazyload" data-src="https://www.oxmo.cn/?__ta=refer&amp;url=http%3A%2F%2Fs1.dwstatic.com%2Fgroup1%2FM00%2FFD%2FB6%2F511055786ec397d010d236d88fd51212.gif" src="https://cdn.jsdelivr.net/gh/moezx/cdn@3.0.2/img/svg/loader/trans.ajax-spinner-preloader.svg" onerror="imgError(this)" alt=""></div> <noscript><img src="https://www.oxmo.cn/?__ta=refer&amp;url=http%3A%2F%2Fs1.dwstatic.com%2Fgroup1%2FM00%2FFD%2FB6%2F511055786ec397d010d236d88fd51212.gif" class="aligncenter" alt=""></noscript></div>
最近群主越来越骚了，感觉要被掰弯,https://www.oxmo.cn/gif/%e6%9c%80%e8%bf%91%e7%be%a4%e4%b8%bb%e8%b6%8a%e6%9d%a5%e8%b6%8a%e9%aa%9a%e4%ba%86%ef%bc%8c%e6%84%9f%e8%a7%89%e8%a6%81%e8%a2%ab%e6%8e%b0%e5%bc%af/,<div class="entry-content"><div><img class="lazyload" data-src="https://www.oxmo.cn/?__ta=refer&amp;url=http%3A%2F%2Fs1.dwstatic.com%2Fgroup1%2FM00%2FE2%2FF3%2F84d642fd894f5163717f6a885f3ebce4.gif" src="https://cdn.jsdelivr.net/gh/moezx/cdn@3.0.2/img/svg/loader/trans.ajax-spinner-preloader.svg" onerror="imgError(this)" alt=""></div> <noscript><img src="https://www.oxmo.cn/?__ta=refer&amp;url=http%3A%2F%2Fs1.dwstatic.com%2Fgroup1%2FM00%2FE2%2FF3%2F84d642fd894f5163717f6a885f3ebce4.gif" class="aligncenter" alt=""></noscript></div>
中美合拍第一章：猴王勇斗桃林棍子怪,https://www.oxmo.cn/gif/%e4%b8%ad%e7%be%8e%e5%90%88%e6%8b%8d%e7%ac%ac%e4%b8%80%e7%ab%a0%ef%bc%9a%e7%8c%b4%e7%8e%8b%e5%8b%87%e6%96%97%e6%a1%83%e6%9e%97%e6%a3%8d%e5%ad%90%e6%80%aa/,<div class="entry-content"><div><img class="lazyload" data-src="https://www.oxmo.cn/?__ta=refer&amp;url=http%3A%2F%2Fs1.dwstatic.com%2Fgroup1%2FM00%2F5B%2FDF%2Fe44f2db670a94b4a311ef0a0e08ef157.gif" src="https://cdn.jsdelivr.net/gh/moezx/cdn@3.0.2/img/svg/loader/trans.ajax-spinner-preloader.svg" onerror="imgError(this)" alt=""></div> <noscript><img src="https://www.oxmo.cn/?__ta=refer&amp;url=http%3A%2F%2Fs1.dwstatic.com%2Fgroup1%2FM00%2F5B%2FDF%2Fe44f2db670a94b4a311ef0a0e08ef157.gif" class="aligncenter" alt=""></noscript></div>
据说这是横店公交的日常,https://www.oxmo.cn/gif/%e6%8d%ae%e8%af%b4%e8%bf%99%e6%98%af%e6%a8%aa%e5%ba%97%e5%85%ac%e4%ba%a4%e7%9a%84%e6%97%a5%e5%b8%b8/,<div class="entry-content"><div><img class="lazyload" data-src="https://www.oxmo.cn/?__ta=refer&amp;url=http%3A%2F%2Fs1.dwstatic.com%2Fgroup1%2FM00%2FDB%2F12%2F769b9f1ea74943efa6aea38c1b90f053.gif" src="https://cdn.jsdelivr.net/gh/moezx/cdn@3.0.2/img/svg/loader/trans.ajax-spinner-preloader.svg" onerror="imgError(this)" alt=""></div> <noscript><img src="https://www.oxmo.cn/?__ta=refer&amp;url=http%3A%2F%2Fs1.dwstatic.com%2Fgroup1%2FM00%2FDB%2F12%2F769b9f1ea74943efa6aea38c1b90f053.gif" class="aligncenter" alt=""></noscript></div>
鸡头稳定性测试系统 ????,https://www.oxmo.cn/gif/%e9%b8%a1%e5%a4%b4%e7%a8%b3%e5%ae%9a%e6%80%a7%e6%b5%8b%e8%af%95%e7%b3%bb%e7%bb%9f/,<div class="entry-content"><div><img class="lazyload" data-src="https://www.oxmo.cn/?__ta=refer&amp;url=http%3A%2F%2Fs1.dwstatic.com%2Fgroup1%2FM00%2F26%2F70%2Feaa0dc4415178f3167b3259658a09f51.gif" src="https://cdn.jsdelivr.net/gh/moezx/cdn@3.0.2/img/svg/loader/trans.ajax-spinner-preloader.svg" onerror="imgError(this)" alt=""></div> <noscript><img src="https://www.oxmo.cn/?__ta=refer&amp;url=http%3A%2F%2Fs1.dwstatic.com%2Fgroup1%2FM00%2F26%2F70%2Feaa0dc4415178f3167b3259658a09f51.gif" class="aligncenter" alt=""></noscript></div>
Missing,https://www.oxmo.cn/gif/page/4/,
妹子，你就为了给观众表演个劈叉，花那么大功夫值得吗,https://www.oxmo.cn/gif/%e5%a6%b9%e5%ad%90%ef%bc%8c%e4%bd%a0%e5%b0%b1%e4%b8%ba%e4%ba%86%e7%bb%99%e8%a7%82%e4%bc%97%e8%a1%a8%e6%bc%94%e4%b8%aa%e5%8a%88%e5%8f%89%ef%bc%8c%e8%8a%b1%e9%82%a3%e4%b9%88%e5%a4%a7%e5%8a%9f%e5%a4%ab/,<div class="entry-content"><div><img class="lazyload" data-src="https://www.oxmo.cn/?__ta=refer&amp;url=http%3A%2F%2Fs1.dwstatic.com%2Fgroup1%2FM00%2F9B%2FEE%2F7ba3ef566b4da5b4a9495f6c041629be.gif" src="https://cdn.jsdelivr.net/gh/moezx/cdn@3.0.2/img/svg/loader/trans.ajax-spinner-preloader.svg" onerror="imgError(this)" alt=""></div> <noscript><img src="https://www.oxmo.cn/?__ta=refer&amp;url=http%3A%2F%2Fs1.dwstatic.com%2Fgroup1%2FM00%2F9B%2FEE%2F7ba3ef566b4da5b4a9495f6c041629be.gif" class="aligncenter" alt=""></noscript></div>
留学生回乡创业，煎饼果子来一套,https://www.oxmo.cn/gif/%e7%95%99%e5%ad%a6%e7%94%9f%e5%9b%9e%e4%b9%a1%e5%88%9b%e4%b8%9a%ef%bc%8c%e7%85%8e%e9%a5%bc%e6%9e%9c%e5%ad%90%e6%9d%a5%e4%b8%80%e5%a5%97/,<div class="entry-content"><div><img class="lazyload" data-src="https://www.oxmo.cn/?__ta=refer&amp;url=http%3A%2F%2Fs1.dwstatic.com%2Fgroup1%2FM00%2F3B%2FC8%2F87254bacef81c36c7b36ebc0a5348928.gif" src="https://cdn.jsdelivr.net/gh/moezx/cdn@3.0.2/img/svg/loader/trans.ajax-spinner-preloader.svg" onerror="imgError(this)" alt=""></div> <noscript><img src="https://www.oxmo.cn/?__ta=refer&amp;url=http%3A%2F%2Fs1.dwstatic.com%2Fgroup1%2FM00%2F3B%2FC8%2F87254bacef81c36c7b36ebc0a5348928.gif" class="aligncenter" alt=""></noscript></div>
反正都剪开了，干脆一点，把前面也剪开吧！,https://www.oxmo.cn/gif/%e5%8f%8d%e6%ad%a3%e9%83%bd%e5%89%aa%e5%bc%80%e4%ba%86%ef%bc%8c%e5%b9%b2%e8%84%86%e4%b8%80%e7%82%b9%ef%bc%8c%e6%8a%8a%e5%89%8d%e9%9d%a2%e4%b9%9f%e5%89%aa%e5%bc%80%e5%90%a7%ef%bc%81/,<div class="entry-content"><div><img class="lazyload" data-src="https://www.oxmo.cn/?__ta=refer&amp;url=http%3A%2F%2Fs1.dwstatic.com%2Fgroup1%2FM00%2F4A%2FE4%2F39d1c34f6fbe9f6da70ae6930a32a587.gif" src="https://cdn.jsdelivr.net/gh/moezx/cdn@3.0.2/img/svg/loader/trans.ajax-spinner-preloader.svg" onerror="imgError(this)" alt=""></div> <noscript><img src="https://www.oxmo.cn/?__ta=refer&amp;url=http%3A%2F%2Fs1.dwstatic.com%2Fgroup1%2FM00%2F4A%2FE4%2F39d1c34f6fbe9f6da70ae6930a32a587.gif" class="aligncenter" alt=""></noscript></div>
第一次恋爱和女朋友接吻，大概就是这种画风,https://www.oxmo.cn/gif/%e7%ac%ac%e4%b8%80%e6%ac%a1%e6%81%8b%e7%88%b1%e5%92%8c%e5%a5%b3%e6%9c%8b%e5%8f%8b%e6%8e%a5%e5%90%bb%ef%bc%8c%e5%a4%a7%e6%a6%82%e5%b0%b1%e6%98%af%e8%bf%99%e7%a7%8d%e7%94%bb%e9%a3%8e/,<div class="entry-content"><div><img class="lazyload" data-src="https://www.oxmo.cn/?__ta=refer&amp;url=http%3A%2F%2Fs1.dwstatic.com%2Fgroup1%2FM00%2FCD%2FFD%2Fb6757a9d1c3399c7b75d4f5a483c17fd.gif" src="https://cdn.jsdelivr.net/gh/moezx/cdn@3.0.2/img/svg/loader/trans.ajax-spinner-preloader.svg" onerror="imgError(this)" alt=""></div> <noscript><img src="https://www.oxmo.cn/?__ta=refer&amp;url=http%3A%2F%2Fs1.dwstatic.com%2Fgroup1%2FM00%2FCD%2FFD%2Fb6757a9d1c3399c7b75d4f5a483c17fd.gif" class="aligncenter" alt=""></noscript></div>
搭讪也是有风险的。。,https://www.oxmo.cn/gif/%e6%90%ad%e8%ae%aa%e4%b9%9f%e6%98%af%e6%9c%89%e9%a3%8e%e9%99%a9%e7%9a%84%e3%80%82%e3%80%82/,<div class="entry-content"><div><img class="lazyload" data-src="https://www.oxmo.cn/?__ta=refer&amp;url=http%3A%2F%2Fs1.dwstatic.com%2Fgroup1%2FM00%2F35%2F2C%2F52f4a8dabb382e3afaceff33d00232f5.gif" src="https://cdn.jsdelivr.net/gh/moezx/cdn@3.0.2/img/svg/loader/trans.ajax-spinner-preloader.svg" onerror="imgError(this)" alt=""></div> <noscript><img src="https://www.oxmo.cn/?__ta=refer&amp;url=http%3A%2F%2Fs1.dwstatic.com%2Fgroup1%2FM00%2F35%2F2C%2F52f4a8dabb382e3afaceff33d00232f5.gif" class="aligncenter" alt=""></noscript></div>
感觉保安姐姐好暖心好好看啊。,https://www.oxmo.cn/gif/%e6%84%9f%e8%a7%89%e4%bf%9d%e5%ae%89%e5%a7%90%e5%a7%90%e5%a5%bd%e6%9a%96%e5%bf%83%e5%a5%bd%e5%a5%bd%e7%9c%8b%e5%95%8a%e3%80%82/,<div class="entry-content"><div><img class="lazyload" data-src="https://www.oxmo.cn/?__ta=refer&amp;url=http%3A%2F%2Fs1.dwstatic.com%2Fgroup1%2FM00%2F93%2F89%2Fc633ab6e3fdab1abd958ffff3ab250d7.gif" src="https://cdn.jsdelivr.net/gh/moezx/cdn@3.0.2/img/svg/loader/trans.ajax-spinner-preloader.svg" onerror="imgError(this)" alt=""></div> <noscript><img src="https://www.oxmo.cn/?__ta=refer&amp;url=http%3A%2F%2Fs1.dwstatic.com%2Fgroup1%2FM00%2F93%2F89%2Fc633ab6e3fdab1abd958ffff3ab250d7.gif" class="aligncenter" alt=""></noscript></div>
什么叫做一双眼睛毁了一张脸！,https://www.oxmo.cn/gif/%e4%bb%80%e4%b9%88%e5%8f%ab%e5%81%9a%e4%b8%80%e5%8f%8c%e7%9c%bc%e7%9d%9b%e6%af%81%e4%ba%86%e4%b8%80%e5%bc%a0%e8%84%b8%ef%bc%81/,<div class="entry-content"><div><img class="lazyload" data-src="https://www.oxmo.cn/?__ta=refer&amp;url=http%3A%2F%2Fs1.dwstatic.com%2Fgroup1%2FM00%2FFC%2FE2%2F81ce6767ebf2ba89b29b8f9c5e760d30.gif" src="https://cdn.jsdelivr.net/gh/moezx/cdn@3.0.2/img/svg/loader/trans.ajax-spinner-preloader.svg" onerror="imgError(this)" alt=""></div> <noscript><img src="https://www.oxmo.cn/?__ta=refer&amp;url=http%3A%2F%2Fs1.dwstatic.com%2Fgroup1%2FM00%2FFC%2FE2%2F81ce6767ebf2ba89b29b8f9c5e760d30.gif" class="aligncenter" alt=""></noscript></div>
自从换了这把锁，手机就没有丢过,https://www.oxmo.cn/gif/%e8%87%aa%e4%bb%8e%e6%8d%a2%e4%ba%86%e8%bf%99%e6%8a%8a%e9%94%81%ef%bc%8c%e6%89%8b%e6%9c%ba%e5%b0%b1%e6%b2%a1%e6%9c%89%e4%b8%a2%e8%bf%87/,<div class="entry-content"><div><img class="lazyload" data-src="https://www.oxmo.cn/?__ta=refer&amp;url=http%3A%2F%2Fs1.dwstatic.com%2Fgroup1%2FM00%2F4A%2F50%2F99a0dc13f6aa3f99a52ee0fdaa5a0dc3.gif" src="https://cdn.jsdelivr.net/gh/moezx/cdn@3.0.2/img/svg/loader/trans.ajax-spinner-preloader.svg" onerror="imgError(this)" alt=""></div> <noscript><img src="https://www.oxmo.cn/?__ta=refer&amp;url=http%3A%2F%2Fs1.dwstatic.com%2Fgroup1%2FM00%2F4A%2F50%2F99a0dc13f6aa3f99a52ee0fdaa5a0dc3.gif" class="aligncenter" alt=""></noscript></div>
鱼都这么上进，我还有什么理由不努力？,https://www.oxmo.cn/gif/%e9%b1%bc%e9%83%bd%e8%bf%99%e4%b9%88%e4%b8%8a%e8%bf%9b%ef%bc%8c%e6%88%91%e8%bf%98%e6%9c%89%e4%bb%80%e4%b9%88%e7%90%86%e7%94%b1%e4%b8%8d%e5%8a%aa%e5%8a%9b%ef%bc%9f/,<div class="entry-content"><div><img class="lazyload" data-src="https://www.oxmo.cn/?__ta=refer&amp;url=http%3A%2F%2Fs1.dwstatic.com%2Fgroup1%2FM00%2F52%2F24%2F01d3d4c6102d9ec7e0ee1ac326bb1f12.gif" src="https://cdn.jsdelivr.net/gh/moezx/cdn@3.0.2/img/svg/loader/trans.ajax-spinner-preloader.svg" onerror="imgError(this)" alt=""></div> <noscript><img src="https://www.oxmo.cn/?__ta=refer&amp;url=http%3A%2F%2Fs1.dwstatic.com%2Fgroup1%2FM00%2F52%2F24%2F01d3d4c6102d9ec7e0ee1ac326bb1f12.gif" class="aligncenter" alt=""></noscript></div>
白色大块头：当时看到他手上有枪的时候，我害怕极了,https://www.oxmo.cn/gif/%e7%99%bd%e8%89%b2%e5%a4%a7%e5%9d%97%e5%a4%b4%ef%bc%9a%e5%bd%93%e6%97%b6%e7%9c%8b%e5%88%b0%e4%bb%96%e6%89%8b%e4%b8%8a%e6%9c%89%e6%9e%aa%e7%9a%84%e6%97%b6%e5%80%99%ef%bc%8c%e6%88%91%e5%ae%b3%e6%80%95/,<div class="entry-content"><div><img class="lazyload" data-src="https://www.oxmo.cn/?__ta=refer&amp;url=http%3A%2F%2Fs1.dwstatic.com%2Fgroup1%2FM00%2F51%2F18%2F729e5b82e8c440baafe42fcb505ec6e3.gif" src="https://cdn.jsdelivr.net/gh/moezx/cdn@3.0.2/img/svg/loader/trans.ajax-spinner-preloader.svg" onerror="imgError(this)" alt=""></div> <noscript><img src="https://www.oxmo.cn/?__ta=refer&amp;url=http%3A%2F%2Fs1.dwstatic.com%2Fgroup1%2FM00%2F51%2F18%2F729e5b82e8c440baafe42fcb505ec6e3.gif" class="aligncenter" alt=""></noscript></div>
Missing,https://www.oxmo.cn/gif/page/5/,
能加大一下火力吗？看大妈的表情都等不及啦！,https://www.oxmo.cn/gif/%e8%83%bd%e5%8a%a0%e5%a4%a7%e4%b8%80%e4%b8%8b%e7%81%ab%e5%8a%9b%e5%90%97%ef%bc%9f%e7%9c%8b%e5%a4%a7%e5%a6%88%e7%9a%84%e8%a1%a8%e6%83%85%e9%83%bd%e7%ad%89%e4%b8%8d%e5%8f%8a%e5%95%a6%ef%bc%81/,<div class="entry-content"><div><img class="lazyload" data-src="https://www.oxmo.cn/?__ta=refer&amp;url=http%3A%2F%2Fs1.dwstatic.com%2Fgroup1%2FM00%2F11%2F7F%2Fd8163d1f6221f29e61e73bf76675eea3.gif" src="https://cdn.jsdelivr.net/gh/moezx/cdn@3.0.2/img/svg/loader/trans.ajax-spinner-preloader.svg" onerror="imgError(this)" alt=""></div> <noscript><img src="https://www.oxmo.cn/?__ta=refer&amp;url=http%3A%2F%2Fs1.dwstatic.com%2Fgroup1%2FM00%2F11%2F7F%2Fd8163d1f6221f29e61e73bf76675eea3.gif" class="aligncenter" alt=""></noscript></div>
怎么办？当然是用手搬,https://www.oxmo.cn/gif/%e6%80%8e%e4%b9%88%e5%8a%9e%ef%bc%9f%e5%bd%93%e7%84%b6%e6%98%af%e7%94%a8%e6%89%8b%e6%90%ac/,<div class="entry-content"><div><img class="lazyload" data-src="https://www.oxmo.cn/?__ta=refer&amp;url=http%3A%2F%2Fs1.dwstatic.com%2Fgroup1%2FM00%2F9F%2F7C%2F42d33b41d3a5e63f1cffcc78ed4b0879.gif" src="https://cdn.jsdelivr.net/gh/moezx/cdn@3.0.2/img/svg/loader/trans.ajax-spinner-preloader.svg" onerror="imgError(this)" alt=""></div> <noscript><img src="https://www.oxmo.cn/?__ta=refer&amp;url=http%3A%2F%2Fs1.dwstatic.com%2Fgroup1%2FM00%2F9F%2F7C%2F42d33b41d3a5e63f1cffcc78ed4b0879.gif" class="aligncenter" alt=""></noscript></div>
关掉美颜，是心肌梗塞的感觉……,https://www.oxmo.cn/gif/%e5%85%b3%e6%8e%89%e7%be%8e%e9%a2%9c%ef%bc%8c%e6%98%af%e5%bf%83%e8%82%8c%e6%a2%97%e5%a1%9e%e7%9a%84%e6%84%9f%e8%a7%89/,<div class="entry-content"><div><img class="lazyload" data-src="https://www.oxmo.cn/?__ta=refer&amp;url=http%3A%2F%2Fs1.dwstatic.com%2Fgroup1%2FM00%2FAD%2F25%2F0cae9ec177a0f578e99975efb8562565.gif" src="https://cdn.jsdelivr.net/gh/moezx/cdn@3.0.2/img/svg/loader/trans.ajax-spinner-preloader.svg" onerror="imgError(this)" alt=""></div> <noscript><img src="https://www.oxmo.cn/?__ta=refer&amp;url=http%3A%2F%2Fs1.dwstatic.com%2Fgroup1%2FM00%2FAD%2F25%2F0cae9ec177a0f578e99975efb8562565.gif" class="aligncenter" alt=""></noscript></div>
这不是找了媳妇，是娶了保镖吧,https://www.oxmo.cn/gif/%e8%bf%99%e4%b8%8d%e6%98%af%e6%89%be%e4%ba%86%e5%aa%b3%e5%a6%87%ef%bc%8c%e6%98%af%e5%a8%b6%e4%ba%86%e4%bf%9d%e9%95%96%e5%90%a7/,<div class="entry-content"><div><img class="lazyload" data-src="https://www.oxmo.cn/?__ta=refer&amp;url=http%3A%2F%2Fs1.dwstatic.com%2Fgroup1%2FM00%2F90%2FC9%2F1037d27a5c4baa1c9b120ad9e1ff26c9.gif" src="https://cdn.jsdelivr.net/gh/moezx/cdn@3.0.2/img/svg/loader/trans.ajax-spinner-preloader.svg" onerror="imgError(this)" alt=""></div> <noscript><img src="https://www.oxmo.cn/?__ta=refer&amp;url=http%3A%2F%2Fs1.dwstatic.com%2Fgroup1%2FM00%2F90%2FC9%2F1037d27a5c4baa1c9b120ad9e1ff26c9.gif" class="aligncenter" alt=""></noscript></div>
要是没车灯撑着肯定翻了,https://www.oxmo.cn/gif/%e8%a6%81%e6%98%af%e6%b2%a1%e8%bd%a6%e7%81%af%e6%92%91%e7%9d%80%e8%82%af%e5%ae%9a%e7%bf%bb%e4%ba%86/,<div class="entry-content"><div><img class="lazyload" data-src="https://www.oxmo.cn/?__ta=refer&amp;url=http%3A%2F%2Fs1.dwstatic.com%2Fgroup1%2FM00%2F33%2F89%2F6b18def7863beec0926e6183b3f3442f.gif" src="https://cdn.jsdelivr.net/gh/moezx/cdn@3.0.2/img/svg/loader/trans.ajax-spinner-preloader.svg" onerror="imgError(this)" alt=""></div> <noscript><img src="https://www.oxmo.cn/?__ta=refer&amp;url=http%3A%2F%2Fs1.dwstatic.com%2Fgroup1%2FM00%2F33%2F89%2F6b18def7863beec0926e6183b3f3442f.gif" class="aligncenter" alt=""></noscript></div>
真爱就是你在工地搬砖，她在你旁边陪你吃方便面,https://www.oxmo.cn/gif/%e7%9c%9f%e7%88%b1%e5%b0%b1%e6%98%af%e4%bd%a0%e5%9c%a8%e5%b7%a5%e5%9c%b0%e6%90%ac%e7%a0%96%ef%bc%8c%e5%a5%b9%e5%9c%a8%e4%bd%a0%e6%97%81%e8%be%b9%e9%99%aa%e4%bd%a0%e5%90%83%e6%96%b9%e4%be%bf%e9%9d%a2/,<div class="entry-content"><div><img class="lazyload" data-src="https://www.oxmo.cn/?__ta=refer&amp;url=http%3A%2F%2Fs1.dwstatic.com%2Fgroup1%2FM00%2FD9%2FDF%2Fd0177b10f0bca81cdf4692c894929764.gif" src="https://cdn.jsdelivr.net/gh/moezx/cdn@3.0.2/img/svg/loader/trans.ajax-spinner-preloader.svg" onerror="imgError(this)" alt=""></div> <noscript><img src="https://www.oxmo.cn/?__ta=refer&amp;url=http%3A%2F%2Fs1.dwstatic.com%2Fgroup1%2FM00%2FD9%2FDF%2Fd0177b10f0bca81cdf4692c894929764.gif" class="aligncenter" alt=""></noscript></div>
以为是个沙雕，结果是个大佬,https://www.oxmo.cn/gif/%e4%bb%a5%e4%b8%ba%e6%98%af%e4%b8%aa%e6%b2%99%e9%9b%95%ef%bc%8c%e7%bb%93%e6%9e%9c%e6%98%af%e4%b8%aa%e5%a4%a7%e4%bd%ac/,<div class="entry-content"><div><img class="lazyload" data-src="https://www.oxmo.cn/?__ta=refer&amp;url=http%3A%2F%2Fs1.dwstatic.com%2Fgroup1%2FM00%2F3C%2F7F%2Ff3bfb4eca7aadb7b8d81782bd0242c48.gif" src="https://cdn.jsdelivr.net/gh/moezx/cdn@3.0.2/img/svg/loader/trans.ajax-spinner-preloader.svg" onerror="imgError(this)" alt=""></div> <noscript><img src="https://www.oxmo.cn/?__ta=refer&amp;url=http%3A%2F%2Fs1.dwstatic.com%2Fgroup1%2FM00%2F3C%2F7F%2Ff3bfb4eca7aadb7b8d81782bd0242c48.gif" class="aligncenter" alt=""></noscript></div>
千万别在画室吃饭，因为你永远也不知道吃的是什么,https://www.oxmo.cn/gif/%e5%8d%83%e4%b8%87%e5%88%ab%e5%9c%a8%e7%94%bb%e5%ae%a4%e5%90%83%e9%a5%ad%ef%bc%8c%e5%9b%a0%e4%b8%ba%e4%bd%a0%e6%b0%b8%e8%bf%9c%e4%b9%9f%e4%b8%8d%e7%9f%a5%e9%81%93%e5%90%83%e7%9a%84%e6%98%af%e4%bb%80/,<div class="entry-content"><div><img class="lazyload" data-src="https://www.oxmo.cn/?__ta=refer&amp;url=http%3A%2F%2Fs1.dwstatic.com%2Fgroup1%2FM00%2FA6%2F39%2Fbdfb186c232f290eee780e49a99fed13.gif" src="https://cdn.jsdelivr.net/gh/moezx/cdn@3.0.2/img/svg/loader/trans.ajax-spinner-preloader.svg" onerror="imgError(this)" alt=""></div> <noscript><img src="https://www.oxmo.cn/?__ta=refer&amp;url=http%3A%2F%2Fs1.dwstatic.com%2Fgroup1%2FM00%2FA6%2F39%2Fbdfb186c232f290eee780e49a99fed13.gif" class="aligncenter" alt=""></noscript></div>
这人怎么回事啊！！把脚都伸桌面上来了，这饺子还能吃吗？,https://www.oxmo.cn/gif/%e8%bf%99%e4%ba%ba%e6%80%8e%e4%b9%88%e5%9b%9e%e4%ba%8b%e5%95%8a%ef%bc%81%ef%bc%81%e6%8a%8a%e8%84%9a%e9%83%bd%e4%bc%b8%e6%a1%8c%e9%9d%a2%e4%b8%8a%e6%9d%a5%e4%ba%86%ef%bc%8c%e8%bf%99%e9%a5%ba%e5%ad%90/,<div class="entry-content"><div><img class="lazyload" data-src="https://www.oxmo.cn/?__ta=refer&amp;url=http%3A%2F%2Fs1.dwstatic.com%2Fgroup1%2FM00%2F31%2F06%2Ffd44a5acfa8f6d82d0281285cc32715b.gif" src="https://cdn.jsdelivr.net/gh/moezx/cdn@3.0.2/img/svg/loader/trans.ajax-spinner-preloader.svg" onerror="imgError(this)" alt=""></div> <noscript><img src="https://www.oxmo.cn/?__ta=refer&amp;url=http%3A%2F%2Fs1.dwstatic.com%2Fgroup1%2FM00%2F31%2F06%2Ffd44a5acfa8f6d82d0281285cc32715b.gif" class="aligncenter" alt=""></noscript></div>
小姐姐你们这样洗车，一天能洗多少辆啊？好意思拿工资吗？,https://www.oxmo.cn/gif/%e5%b0%8f%e5%a7%90%e5%a7%90%e4%bd%a0%e4%bb%ac%e8%bf%99%e6%a0%b7%e6%b4%97%e8%bd%a6%ef%bc%8c%e4%b8%80%e5%a4%a9%e8%83%bd%e6%b4%97%e5%a4%9a%e5%b0%91%e8%be%86%e5%95%8a%ef%bc%9f%e5%a5%bd%e6%84%8f%e6%80%9d/,<div class="entry-content"><div><img class="lazyload" data-src="https://www.oxmo.cn/?__ta=refer&amp;url=http%3A%2F%2Fs1.dwstatic.com%2Fgroup1%2FM00%2F95%2FF6%2F68391859b3eb241ac9ed0e2129bf2a41.gif" src="https://cdn.jsdelivr.net/gh/moezx/cdn@3.0.2/img/svg/loader/trans.ajax-spinner-preloader.svg" onerror="imgError(this)" alt=""></div> <noscript><img src="https://www.oxmo.cn/?__ta=refer&amp;url=http%3A%2F%2Fs1.dwstatic.com%2Fgroup1%2FM00%2F95%2FF6%2F68391859b3eb241ac9ed0e2129bf2a41.gif" class="aligncenter" alt=""></noscript></div>
Missing,https://www.oxmo.cn/gif/page/6/,
如果不是知道在泰国，还真的心动了呢！,https://www.oxmo.cn/gif/%e5%a6%82%e6%9e%9c%e4%b8%8d%e6%98%af%e7%9f%a5%e9%81%93%e5%9c%a8%e6%b3%b0%e5%9b%bd%ef%bc%8c%e8%bf%98%e7%9c%9f%e7%9a%84%e5%bf%83%e5%8a%a8%e4%ba%86%e5%91%a2%ef%bc%81/,<div class="entry-content"><div><img class="lazyload" data-src="https://www.oxmo.cn/?__ta=refer&amp;url=http%3A%2F%2Fs1.dwstatic.com%2Fgroup1%2FM00%2F7E%2F1B%2Fedbd907a97912d4fdc43398177615141.gif" src="https://cdn.jsdelivr.net/gh/moezx/cdn@3.0.2/img/svg/loader/trans.ajax-spinner-preloader.svg" onerror="imgError(this)" alt=""></div> <noscript><img src="https://www.oxmo.cn/?__ta=refer&amp;url=http%3A%2F%2Fs1.dwstatic.com%2Fgroup1%2FM00%2F7E%2F1B%2Fedbd907a97912d4fdc43398177615141.gif" class="aligncenter" alt=""></noscript></div>
我的老婆你也敢动？！臭婆娘，你敢跟男人跑，回家再教训你！,https://www.oxmo.cn/gif/%e6%88%91%e7%9a%84%e8%80%81%e5%a9%86%e4%bd%a0%e4%b9%9f%e6%95%a2%e5%8a%a8%ef%bc%9f%ef%bc%81%e8%87%ad%e5%a9%86%e5%a8%98%ef%bc%8c%e4%bd%a0%e6%95%a2%e8%b7%9f%e7%94%b7%e4%ba%ba%e8%b7%91%ef%bc%8c%e5%9b%9e/,<div class="entry-content"><div><img class="lazyload" data-src="https://www.oxmo.cn/?__ta=refer&amp;url=http%3A%2F%2Fs1.dwstatic.com%2Fgroup1%2FM00%2FF7%2FDD%2Fba774e2d25b9b1c56eb52d44f8d9dc3e.gif" src="https://cdn.jsdelivr.net/gh/moezx/cdn@3.0.2/img/svg/loader/trans.ajax-spinner-preloader.svg" onerror="imgError(this)" alt=""></div> <noscript><img src="https://www.oxmo.cn/?__ta=refer&amp;url=http%3A%2F%2Fs1.dwstatic.com%2Fgroup1%2FM00%2FF7%2FDD%2Fba774e2d25b9b1c56eb52d44f8d9dc3e.gif" class="aligncenter" alt=""></noscript></div>
这游戏在座的各位敢玩吗？,https://www.oxmo.cn/gif/%e8%bf%99%e6%b8%b8%e6%88%8f%e5%9c%a8%e5%ba%a7%e7%9a%84%e5%90%84%e4%bd%8d%e6%95%a2%e7%8e%a9%e5%90%97%ef%bc%9f/,<div class="entry-content"><div><img class="lazyload" data-src="https://www.oxmo.cn/?__ta=refer&amp;url=http%3A%2F%2Fs1.dwstatic.com%2Fgroup1%2FM00%2F1C%2FDC%2F6f29035bc60e3f45070eee57b8bcf7f1.gif" src="https://cdn.jsdelivr.net/gh/moezx/cdn@3.0.2/img/svg/loader/trans.ajax-spinner-preloader.svg" onerror="imgError(this)" alt=""></div> <noscript><img src="https://www.oxmo.cn/?__ta=refer&amp;url=http%3A%2F%2Fs1.dwstatic.com%2Fgroup1%2FM00%2F1C%2FDC%2F6f29035bc60e3f45070eee57b8bcf7f1.gif" class="aligncenter" alt=""></noscript></div>
本命年一定要做个精致的小猪猪！,https://www.oxmo.cn/gif/%e6%9c%ac%e5%91%bd%e5%b9%b4%e4%b8%80%e5%ae%9a%e8%a6%81%e5%81%9a%e4%b8%aa%e7%b2%be%e8%87%b4%e7%9a%84%e5%b0%8f%e7%8c%aa%e7%8c%aa%ef%bc%81/,<div class="entry-content"><div><img class="lazyload" data-src="https://www.oxmo.cn/?__ta=refer&amp;url=http%3A%2F%2Fs1.dwstatic.com%2Fgroup1%2FM00%2FB6%2F16%2Fdad23a8e58409675efed2d6708edd9fd.gif" src="https://cdn.jsdelivr.net/gh/moezx/cdn@3.0.2/img/svg/loader/trans.ajax-spinner-preloader.svg" onerror="imgError(this)" alt=""></div> <noscript><img src="https://www.oxmo.cn/?__ta=refer&amp;url=http%3A%2F%2Fs1.dwstatic.com%2Fgroup1%2FM00%2FB6%2F16%2Fdad23a8e58409675efed2d6708edd9fd.gif" class="aligncenter" alt=""></noscript></div>
这年头，男女都要防！,https://www.oxmo.cn/gif/%e8%bf%99%e5%b9%b4%e5%a4%b4%ef%bc%8c%e7%94%b7%e5%a5%b3%e9%83%bd%e8%a6%81%e9%98%b2%ef%bc%81/,<div class="entry-content"><div><img class="lazyload" data-src="https://www.oxmo.cn/?__ta=refer&amp;url=http%3A%2F%2Fs1.dwstatic.com%2Fgroup1%2FM00%2F73%2FDF%2F1337856c8ca43861155f414180c4207a.gif" src="https://cdn.jsdelivr.net/gh/moezx/cdn@3.0.2/img/svg/loader/trans.ajax-spinner-preloader.svg" onerror="imgError(this)" alt=""></div> <noscript><img src="https://www.oxmo.cn/?__ta=refer&amp;url=http%3A%2F%2Fs1.dwstatic.com%2Fgroup1%2FM00%2F73%2FDF%2F1337856c8ca43861155f414180c4207a.gif" class="aligncenter" alt=""></noscript></div>
如果这样的妹子还单身，真不怪自己，得怪她爸妈！,https://www.oxmo.cn/gif/%e5%a6%82%e6%9e%9c%e8%bf%99%e6%a0%b7%e7%9a%84%e5%a6%b9%e5%ad%90%e8%bf%98%e5%8d%95%e8%ba%ab%ef%bc%8c%e7%9c%9f%e4%b8%8d%e6%80%aa%e8%87%aa%e5%b7%b1%ef%bc%8c%e5%be%97%e6%80%aa%e5%a5%b9%e7%88%b8%e5%a6%88/,<div class="entry-content"><div><img class="lazyload" data-src="https://www.oxmo.cn/?__ta=refer&amp;url=http%3A%2F%2Fs1.dwstatic.com%2Fgroup1%2FM00%2FCB%2F63%2F0e1fa843150e88792b5f42b507473f31.gif" src="https://cdn.jsdelivr.net/gh/moezx/cdn@3.0.2/img/svg/loader/trans.ajax-spinner-preloader.svg" onerror="imgError(this)" alt=""></div> <noscript><img src="https://www.oxmo.cn/?__ta=refer&amp;url=http%3A%2F%2Fs1.dwstatic.com%2Fgroup1%2FM00%2FCB%2F63%2F0e1fa843150e88792b5f42b507473f31.gif" class="aligncenter" alt=""></noscript></div>
当妹子把头发扎成马尾辫时……我有点想念她散发的样子了,https://www.oxmo.cn/gif/%e5%bd%93%e5%a6%b9%e5%ad%90%e6%8a%8a%e5%a4%b4%e5%8f%91%e6%89%8e%e6%88%90%e9%a9%ac%e5%b0%be%e8%be%ab%e6%97%b6%e6%88%91%e6%9c%89%e7%82%b9%e6%83%b3%e5%bf%b5%e5%a5%b9%e6%95%a3%e5%8f%91/,<div class="entry-content"><div><img class="lazyload" data-src="https://www.oxmo.cn/?__ta=refer&amp;url=http%3A%2F%2Fs1.dwstatic.com%2Fgroup1%2FM00%2F32%2F18%2F32312ff20d4ce983a79a0db0e8eaac1d.gif" src="https://cdn.jsdelivr.net/gh/moezx/cdn@3.0.2/img/svg/loader/trans.ajax-spinner-preloader.svg" onerror="imgError(this)" alt=""></div> <noscript><img src="https://www.oxmo.cn/?__ta=refer&amp;url=http%3A%2F%2Fs1.dwstatic.com%2Fgroup1%2FM00%2F32%2F18%2F32312ff20d4ce983a79a0db0e8eaac1d.gif" class="aligncenter" alt=""></noscript></div>
外国妹子喝茅台后的反应……不错啊，不愧是毛子，都习惯喝伏特加的,https://www.oxmo.cn/gif/%e5%a4%96%e5%9b%bd%e5%a6%b9%e5%ad%90%e5%96%9d%e8%8c%85%e5%8f%b0%e5%90%8e%e7%9a%84%e5%8f%8d%e5%ba%94%e4%b8%8d%e9%94%99%e5%95%8a%ef%bc%8c%e4%b8%8d%e6%84%a7%e6%98%af%e6%af%9b%e5%ad%90/,<div class="entry-content"><div><img class="lazyload" data-src="https://www.oxmo.cn/?__ta=refer&amp;url=http%3A%2F%2Fs1.dwstatic.com%2Fgroup1%2FM00%2FD9%2F63%2F44d75c998a418d421e36cf93d1603cf8.gif" src="https://cdn.jsdelivr.net/gh/moezx/cdn@3.0.2/img/svg/loader/trans.ajax-spinner-preloader.svg" onerror="imgError(this)" alt=""></div> <noscript><img src="https://www.oxmo.cn/?__ta=refer&amp;url=http%3A%2F%2Fs1.dwstatic.com%2Fgroup1%2FM00%2FD9%2F63%2F44d75c998a418d421e36cf93d1603cf8.gif" class="aligncenter" alt=""></noscript></div>
到底要关心男的还是女的？,https://www.oxmo.cn/gif/%e5%88%b0%e5%ba%95%e8%a6%81%e5%85%b3%e5%bf%83%e7%94%b7%e7%9a%84%e8%bf%98%e6%98%af%e5%a5%b3%e7%9a%84%ef%bc%9f/,<div class="entry-content"><div><img class="lazyload" data-src="https://www.oxmo.cn/?__ta=refer&amp;url=http%3A%2F%2Fs1.dwstatic.com%2Fgroup1%2FM00%2F07%2F88%2Fada84a44bb9b970cd770fa256aaa4e89.gif" src="https://cdn.jsdelivr.net/gh/moezx/cdn@3.0.2/img/svg/loader/trans.ajax-spinner-preloader.svg" onerror="imgError(this)" alt=""></div> <noscript><img src="https://www.oxmo.cn/?__ta=refer&amp;url=http%3A%2F%2Fs1.dwstatic.com%2Fgroup1%2FM00%2F07%2F88%2Fada84a44bb9b970cd770fa256aaa4e89.gif" class="aligncenter" alt=""></noscript></div>
好兄弟就是在你需要的时候，做你的女人！,https://www.oxmo.cn/gif/%e5%a5%bd%e5%85%84%e5%bc%9f%e5%b0%b1%e6%98%af%e5%9c%a8%e4%bd%a0%e9%9c%80%e8%a6%81%e7%9a%84%e6%97%b6%e5%80%99%ef%bc%8c%e5%81%9a%e4%bd%a0%e7%9a%84%e5%a5%b3%e4%ba%ba%ef%bc%81/,<div class="entry-content"><div><img class="lazyload" data-src="https://www.oxmo.cn/?__ta=refer&amp;url=http%3A%2F%2Fs1.dwstatic.com%2Fgroup1%2FM00%2FCF%2FF0%2Ffbe607b4c83c842d6dc406286a0850d3.gif" src="https://cdn.jsdelivr.net/gh/moezx/cdn@3.0.2/img/svg/loader/trans.ajax-spinner-preloader.svg" onerror="imgError(this)" alt=""></div> <noscript><img src="https://www.oxmo.cn/?__ta=refer&amp;url=http%3A%2F%2Fs1.dwstatic.com%2Fgroup1%2FM00%2FCF%2FF0%2Ffbe607b4c83c842d6dc406286a0850d3.gif" class="aligncenter" alt=""></noscript></div>
Missing,https://www.oxmo.cn/gif/page/7/,
没有灵魂的虚假吹箫，比假唱更可耻！,https://www.oxmo.cn/gif/%e6%b2%a1%e6%9c%89%e7%81%b5%e9%ad%82%e7%9a%84%e8%99%9a%e5%81%87%e5%90%b9%e7%ae%ab%ef%bc%8c%e6%af%94%e5%81%87%e5%94%b1%e6%9b%b4%e5%8f%af%e8%80%bb%ef%bc%81/,<div class="entry-content"><div><img class="lazyload" data-src="https://www.oxmo.cn/?__ta=refer&amp;url=http%3A%2F%2Fs1.dwstatic.com%2Fgroup1%2FM00%2F80%2FF8%2Fb9e23b5d99b3fe7749de20e3e9b084a9.gif" src="https://cdn.jsdelivr.net/gh/moezx/cdn@3.0.2/img/svg/loader/trans.ajax-spinner-preloader.svg" onerror="imgError(this)" alt=""></div> <noscript><img src="https://www.oxmo.cn/?__ta=refer&amp;url=http%3A%2F%2Fs1.dwstatic.com%2Fgroup1%2FM00%2F80%2FF8%2Fb9e23b5d99b3fe7749de20e3e9b084a9.gif" class="aligncenter" alt=""></noscript></div>
别人是庆祝，吴京开个香槟八成是在灭火吧？,https://www.oxmo.cn/gif/%e5%88%ab%e4%ba%ba%e6%98%af%e5%ba%86%e7%a5%9d%ef%bc%8c%e5%90%b4%e4%ba%ac%e5%bc%80%e4%b8%aa%e9%a6%99%e6%a7%9f%e5%85%ab%e6%88%90%e6%98%af%e5%9c%a8%e7%81%ad%e7%81%ab%e5%90%a7%ef%bc%9f/,<div class="entry-content"><div><img class="lazyload" data-src="https://www.oxmo.cn/?__ta=refer&amp;url=http%3A%2F%2Fs1.dwstatic.com%2Fgroup1%2FM00%2F63%2F22%2Fd8385730de9fefcef28462c4d6b5dea9.gif" src="https://cdn.jsdelivr.net/gh/moezx/cdn@3.0.2/img/svg/loader/trans.ajax-spinner-preloader.svg" onerror="imgError(this)" alt=""></div> <noscript><img src="https://www.oxmo.cn/?__ta=refer&amp;url=http%3A%2F%2Fs1.dwstatic.com%2Fgroup1%2FM00%2F63%2F22%2Fd8385730de9fefcef28462c4d6b5dea9.gif" class="aligncenter" alt=""></noscript></div>
冷冷冷，快把我放下去！,https://www.oxmo.cn/gif/%e5%86%b7%e5%86%b7%e5%86%b7%ef%bc%8c%e5%bf%ab%e6%8a%8a%e6%88%91%e6%94%be%e4%b8%8b%e5%8e%bb%ef%bc%81/,<div class="entry-content"><div><img class="lazyload" data-src="https://www.oxmo.cn/?__ta=refer&amp;url=http%3A%2F%2Fs1.dwstatic.com%2Fgroup1%2FM00%2F7C%2F3B%2Ffda4a851835d79593fd6e7d01228a10b.gif" src="https://cdn.jsdelivr.net/gh/moezx/cdn@3.0.2/img/svg/loader/trans.ajax-spinner-preloader.svg" onerror="imgError(this)" alt=""></div> <noscript><img src="https://www.oxmo.cn/?__ta=refer&amp;url=http%3A%2F%2Fs1.dwstatic.com%2Fgroup1%2FM00%2F7C%2F3B%2Ffda4a851835d79593fd6e7d01228a10b.gif" class="aligncenter" alt=""></noscript></div>
这发型好，一看就知道很会打牌,https://www.oxmo.cn/gif/%e8%bf%99%e5%8f%91%e5%9e%8b%e5%a5%bd%ef%bc%8c%e4%b8%80%e7%9c%8b%e5%b0%b1%e7%9f%a5%e9%81%93%e5%be%88%e4%bc%9a%e6%89%93%e7%89%8c/,<div class="entry-content"><div><img class="lazyload" data-src="https://www.oxmo.cn/?__ta=refer&amp;url=http%3A%2F%2Fs1.dwstatic.com%2Fgroup1%2FM00%2F78%2F37%2Fe2e1e9b886849684f03c8292a5747751.gif" src="https://cdn.jsdelivr.net/gh/moezx/cdn@3.0.2/img/svg/loader/trans.ajax-spinner-preloader.svg" onerror="imgError(this)" alt=""></div> <noscript><img src="https://www.oxmo.cn/?__ta=refer&amp;url=http%3A%2F%2Fs1.dwstatic.com%2Fgroup1%2FM00%2F78%2F37%2Fe2e1e9b886849684f03c8292a5747751.gif" class="aligncenter" alt=""></noscript></div>
关系真乱，我都看不出谁才是新郎了,https://www.oxmo.cn/gif/%e5%85%b3%e7%b3%bb%e7%9c%9f%e4%b9%b1%ef%bc%8c%e6%88%91%e9%83%bd%e7%9c%8b%e4%b8%8d%e5%87%ba%e8%b0%81%e6%89%8d%e6%98%af%e6%96%b0%e9%83%8e%e4%ba%86/,<div class="entry-content"><div><img class="lazyload" data-src="https://www.oxmo.cn/?__ta=refer&amp;url=http%3A%2F%2Fs1.dwstatic.com%2Fgroup1%2FM00%2F29%2FB1%2Fc7ff130469648f3b29f64849f245d5d2.gif" src="https://cdn.jsdelivr.net/gh/moezx/cdn@3.0.2/img/svg/loader/trans.ajax-spinner-preloader.svg" onerror="imgError(this)" alt=""></div> <noscript><img src="https://www.oxmo.cn/?__ta=refer&amp;url=http%3A%2F%2Fs1.dwstatic.com%2Fgroup1%2FM00%2F29%2FB1%2Fc7ff130469648f3b29f64849f245d5d2.gif" class="aligncenter" alt=""></noscript></div>
让自己的心放飞一会儿，可能它就支离破碎了,https://www.oxmo.cn/gif/%e8%ae%a9%e8%87%aa%e5%b7%b1%e7%9a%84%e5%bf%83%e6%94%be%e9%a3%9e%e4%b8%80%e4%bc%9a%e5%84%bf%ef%bc%8c%e5%8f%af%e8%83%bd%e5%ae%83%e5%b0%b1%e6%94%af%e7%a6%bb%e7%a0%b4%e7%a2%8e%e4%ba%86/,<div class="entry-content"><div><img class="lazyload" data-src="https://www.oxmo.cn/?__ta=refer&amp;url=http%3A%2F%2Fs1.dwstatic.com%2Fgroup1%2FM00%2FF4%2F0C%2F66226fbb04da98630bccc9ba331ef9d7.gif" src="https://cdn.jsdelivr.net/gh/moezx/cdn@3.0.2/img/svg/loader/trans.ajax-spinner-preloader.svg" onerror="imgError(this)" alt=""></div> <noscript><img src="https://www.oxmo.cn/?__ta=refer&amp;url=http%3A%2F%2Fs1.dwstatic.com%2Fgroup1%2FM00%2FF4%2F0C%2F66226fbb04da98630bccc9ba331ef9d7.gif" class="aligncenter" alt=""></noscript></div>
Missing,https://www.oxmo.cn/gif/page/8/,
不管你是宝马还是奥迪，只要回到村里，在你爸眼里都不如拖拉机,https://www.oxmo.cn/gif/%e4%b8%8d%e7%ae%a1%e4%bd%a0%e6%98%af%e5%ae%9d%e9%a9%ac%e8%bf%98%e6%98%af%e5%a5%a5%e8%bf%aa%ef%bc%8c%e5%8f%aa%e8%a6%81%e5%9b%9e%e5%88%b0%e6%9d%91%e9%87%8c%ef%bc%8c%e5%9c%a8%e4%bd%a0%e7%88%b8%e7%9c%bc/,<div class="entry-content"><div><img class="lazyload" data-src="https://www.oxmo.cn/?__ta=refer&amp;url=http%3A%2F%2Fs1.dwstatic.com%2Fgroup1%2FM00%2F45%2F13%2F2bc7da4e28c52627e7ee1f2a1e66ef43.gif" src="https://cdn.jsdelivr.net/gh/moezx/cdn@3.0.2/img/svg/loader/trans.ajax-spinner-preloader.svg" onerror="imgError(this)" alt=""></div> <noscript><img src="https://www.oxmo.cn/?__ta=refer&amp;url=http%3A%2F%2Fs1.dwstatic.com%2Fgroup1%2FM00%2F45%2F13%2F2bc7da4e28c52627e7ee1f2a1e66ef43.gif" class="aligncenter" alt=""></noscript></div>
怎么样三光，他的吻是不是比ADA熟练多了？,https://www.oxmo.cn/gif/%e6%80%8e%e4%b9%88%e6%a0%b7%e4%b8%89%e5%85%89%ef%bc%8c%e4%bb%96%e7%9a%84%e5%90%bb%e6%98%af%e4%b8%8d%e6%98%af%e6%af%94ada%e7%86%9f%e7%bb%83%e5%a4%9a%e4%ba%86%ef%bc%9f/,<div class="entry-content"><div><img class="lazyload" data-src="https://www.oxmo.cn/?__ta=refer&amp;url=http%3A%2F%2Fs1.dwstatic.com%2Fgroup1%2FM00%2F51%2FF6%2Fed442c1d4c71000c791a0539b2b1411f.gif" src="https://cdn.jsdelivr.net/gh/moezx/cdn@3.0.2/img/svg/loader/trans.ajax-spinner-preloader.svg" onerror="imgError(this)" alt=""></div> <noscript><img src="https://www.oxmo.cn/?__ta=refer&amp;url=http%3A%2F%2Fs1.dwstatic.com%2Fgroup1%2FM00%2F51%2FF6%2Fed442c1d4c71000c791a0539b2b1411f.gif" class="aligncenter" alt=""></noscript></div>
这位画手我知道，是画一拳超人原作版那位吧,https://www.oxmo.cn/gif/%e8%bf%99%e4%bd%8d%e7%94%bb%e6%89%8b%e6%88%91%e7%9f%a5%e9%81%93%ef%bc%8c%e6%98%af%e7%94%bb%e4%b8%80%e6%8b%b3%e8%b6%85%e4%ba%ba%e5%8e%9f%e4%bd%9c%e7%89%88%e9%82%a3%e4%bd%8d%e5%90%a7/,<div class="entry-content"><div><img class="lazyload" data-src="https://www.oxmo.cn/?__ta=refer&amp;url=http%3A%2F%2Fs1.dwstatic.com%2Fgroup1%2FM00%2F82%2F59%2F89c188766a6dc5c90d248bf5f1373d95.gif" src="https://cdn.jsdelivr.net/gh/moezx/cdn@3.0.2/img/svg/loader/trans.ajax-spinner-preloader.svg" onerror="imgError(this)" alt=""></div> <noscript><img src="https://www.oxmo.cn/?__ta=refer&amp;url=http%3A%2F%2Fs1.dwstatic.com%2Fgroup1%2FM00%2F82%2F59%2F89c188766a6dc5c90d248bf5f1373d95.gif" class="aligncenter" alt=""></noscript></div>
当奥尼尔得知自己的生涯总得分被詹姆斯超越后,https://www.oxmo.cn/gif/%e5%bd%93%e5%a5%a5%e5%b0%bc%e5%b0%94%e5%be%97%e7%9f%a5%e8%87%aa%e5%b7%b1%e7%9a%84%e7%94%9f%e6%b6%af%e6%80%bb%e5%be%97%e5%88%86%e8%a2%ab%e8%a9%b9%e5%a7%86%e6%96%af%e8%b6%85%e8%b6%8a%e5%90%8e/,<div class="entry-content"><div><img class="lazyload" data-src="https://www.oxmo.cn/?__ta=refer&amp;url=http%3A%2F%2Fs1.dwstatic.com%2Fgroup1%2FM00%2FAF%2FFF%2F81fe63880140efa09b115e68200905b1.gif" src="https://cdn.jsdelivr.net/gh/moezx/cdn@3.0.2/img/svg/loader/trans.ajax-spinner-preloader.svg" onerror="imgError(this)" alt=""></div> <noscript><img src="https://www.oxmo.cn/?__ta=refer&amp;url=http%3A%2F%2Fs1.dwstatic.com%2Fgroup1%2FM00%2FAF%2FFF%2F81fe63880140efa09b115e68200905b1.gif" class="aligncenter" alt=""></noscript></div>
我最喜欢脸蛋肉感的女孩……拉上拉上！最讨厌别人不诚实,https://www.oxmo.cn/gif/%e6%88%91%e6%9c%80%e5%96%9c%e6%ac%a2%e8%84%b8%e8%9b%8b%e8%82%89%e6%84%9f%e7%9a%84%e5%a5%b3%e5%ad%a9%e6%8b%89%e4%b8%8a%e6%8b%89%e4%b8%8a%ef%bc%81%e6%9c%80%e8%ae%a8%e5%8e%8c%e5%88%ab/,<div class="entry-content"><div><img class="lazyload" data-src="https://www.oxmo.cn/?__ta=refer&amp;url=http%3A%2F%2Fs1.dwstatic.com%2Fgroup1%2FM00%2FDB%2FE9%2F0313d2677c003e5b3b4cb7b5fe19f861.gif" src="https://cdn.jsdelivr.net/gh/moezx/cdn@3.0.2/img/svg/loader/trans.ajax-spinner-preloader.svg" onerror="imgError(this)" alt=""></div> <noscript><img src="https://www.oxmo.cn/?__ta=refer&amp;url=http%3A%2F%2Fs1.dwstatic.com%2Fgroup1%2FM00%2FDB%2FE9%2F0313d2677c003e5b3b4cb7b5fe19f861.gif" class="aligncenter" alt=""></noscript></div>
菜市场也成旅游景点了，你们这也太能糊弄外国友人了,https://www.oxmo.cn/gif/%e8%8f%9c%e5%b8%82%e5%9c%ba%e4%b9%9f%e6%88%90%e6%97%85%e6%b8%b8%e6%99%af%e7%82%b9%e4%ba%86%ef%bc%8c%e4%bd%a0%e4%bb%ac%e8%bf%99%e4%b9%9f%e5%a4%aa%e8%83%bd%e7%b3%8a%e5%bc%84%e5%a4%96%e5%9b%bd%e5%8f%8b/,<div class="entry-content"><div><img class="lazyload" data-src="https://www.oxmo.cn/?__ta=refer&amp;url=http%3A%2F%2Fs1.dwstatic.com%2Fgroup1%2FM00%2FB7%2F39%2Fa248c2e5ca27e17cbca63899cd989ae0.gif" src="https://cdn.jsdelivr.net/gh/moezx/cdn@3.0.2/img/svg/loader/trans.ajax-spinner-preloader.svg" onerror="imgError(this)" alt=""></div> <noscript><img src="https://www.oxmo.cn/?__ta=refer&amp;url=http%3A%2F%2Fs1.dwstatic.com%2Fgroup1%2FM00%2FB7%2F39%2Fa248c2e5ca27e17cbca63899cd989ae0.gif" class="aligncenter" alt=""></noscript></div>
我应该在车底，不应该在这里。,https://www.oxmo.cn/gif/%e6%88%91%e5%ba%94%e8%af%a5%e5%9c%a8%e8%bd%a6%e5%ba%95%ef%bc%8c%e4%b8%8d%e5%ba%94%e8%af%a5%e5%9c%a8%e8%bf%99%e9%87%8c%e3%80%82/,<div class="entry-content"><div><img class="lazyload" data-src="https://www.oxmo.cn/?__ta=refer&amp;url=http%3A%2F%2Fs1.dwstatic.com%2Fgroup1%2FM00%2F94%2FFF%2Fde7d0206f8498d4f6fe256155a149d7c.gif" src="https://cdn.jsdelivr.net/gh/moezx/cdn@3.0.2/img/svg/loader/trans.ajax-spinner-preloader.svg" onerror="imgError(this)" alt=""></div> <noscript><img src="https://www.oxmo.cn/?__ta=refer&amp;url=http%3A%2F%2Fs1.dwstatic.com%2Fgroup1%2FM00%2F94%2FFF%2Fde7d0206f8498d4f6fe256155a149d7c.gif" class="aligncenter" alt=""></noscript></div>
眯眯眼和光头都是怪物，为什么就是不懂呢！,https://www.oxmo.cn/gif/%e7%9c%af%e7%9c%af%e7%9c%bc%e5%92%8c%e5%85%89%e5%a4%b4%e9%83%bd%e6%98%af%e6%80%aa%e7%89%a9%ef%bc%8c%e4%b8%ba%e4%bb%80%e4%b9%88%e5%b0%b1%e6%98%af%e4%b8%8d%e6%87%82%e5%91%a2%ef%bc%81/,<div class="entry-content"><div><img class="lazyload" data-src="https://www.oxmo.cn/?__ta=refer&amp;url=http%3A%2F%2Fs1.dwstatic.com%2Fgroup1%2FM00%2FA8%2F79%2Fad799ac37af1431be3185daf3ae06a1c.gif" src="https://cdn.jsdelivr.net/gh/moezx/cdn@3.0.2/img/svg/loader/trans.ajax-spinner-preloader.svg" onerror="imgError(this)" alt=""></div> <noscript><img src="https://www.oxmo.cn/?__ta=refer&amp;url=http%3A%2F%2Fs1.dwstatic.com%2Fgroup1%2FM00%2FA8%2F79%2Fad799ac37af1431be3185daf3ae06a1c.gif" class="aligncenter" alt=""></noscript></div>
这种伎俩，也想骗我开卡健身？,https://www.oxmo.cn/gif/%e8%bf%99%e7%a7%8d%e4%bc%8e%e4%bf%a9%ef%bc%8c%e4%b9%9f%e6%83%b3%e9%aa%97%e6%88%91%e5%bc%80%e5%8d%a1%e5%81%a5%e8%ba%ab%ef%bc%9f/,<div class="entry-content"><div><img class="lazyload" data-src="https://www.oxmo.cn/?__ta=refer&amp;url=http%3A%2F%2Fs1.dwstatic.com%2Fgroup1%2FM00%2F06%2F45%2F1ad93f3c84f2770584458152d90034ce.gif" src="https://cdn.jsdelivr.net/gh/moezx/cdn@3.0.2/img/svg/loader/trans.ajax-spinner-preloader.svg" onerror="imgError(this)" alt=""></div> <noscript><img src="https://www.oxmo.cn/?__ta=refer&amp;url=http%3A%2F%2Fs1.dwstatic.com%2Fgroup1%2FM00%2F06%2F45%2F1ad93f3c84f2770584458152d90034ce.gif" class="aligncenter" alt=""></noscript></div>
以为是普通的孔明灯，结果居然是AOE武器！,https://www.oxmo.cn/gif/%e4%bb%a5%e4%b8%ba%e6%98%af%e6%99%ae%e9%80%9a%e7%9a%84%e5%ad%94%e6%98%8e%e7%81%af%ef%bc%8c%e7%bb%93%e6%9e%9c%e5%b1%85%e7%84%b6%e6%98%afaoe%e6%ad%a6%e5%99%a8%ef%bc%81/,<div class="entry-content"><div><img class="lazyload" data-src="https://www.oxmo.cn/?__ta=refer&amp;url=http%3A%2F%2Fs1.dwstatic.com%2Fgroup1%2FM00%2FD9%2F28%2F0a45ebe21fbd0a122c2844dfe305d5bd.gif" src="https://cdn.jsdelivr.net/gh/moezx/cdn@3.0.2/img/svg/loader/trans.ajax-spinner-preloader.svg" onerror="imgError(this)" alt=""></div> <noscript><img src="https://www.oxmo.cn/?__ta=refer&amp;url=http%3A%2F%2Fs1.dwstatic.com%2Fgroup1%2FM00%2FD9%2F28%2F0a45ebe21fbd0a122c2844dfe305d5bd.gif" class="aligncenter" alt=""></noscript></div>
这孩子怕不是鬼鲛的后代？,https://www.oxmo.cn/gif/%e8%bf%99%e5%ad%a9%e5%ad%90%e6%80%95%e4%b8%8d%e6%98%af%e9%ac%bc%e9%b2%9b%e7%9a%84%e5%90%8e%e4%bb%a3%ef%bc%9f/,<div class="entry-content"><div><img class="lazyload" data-src="https://www.oxmo.cn/?__ta=refer&amp;url=http%3A%2F%2Fs1.dwstatic.com%2Fgroup1%2FM00%2F18%2F97%2F376c097d968878a11864ad9215c03163.gif" src="https://cdn.jsdelivr.net/gh/moezx/cdn@3.0.2/img/svg/loader/trans.ajax-spinner-preloader.svg" onerror="imgError(this)" alt=""></div> <noscript><img src="https://www.oxmo.cn/?__ta=refer&amp;url=http%3A%2F%2Fs1.dwstatic.com%2Fgroup1%2FM00%2F18%2F97%2F376c097d968878a11864ad9215c03163.gif" class="aligncenter" alt=""></noscript></div>
这只鸡聪明的让我有点措手不及，，，,https://www.oxmo.cn/gif/%e8%bf%99%e5%8f%aa%e9%b8%a1%e8%81%aa%e6%98%8e%e7%9a%84%e8%ae%a9%e6%88%91%e6%9c%89%e7%82%b9%e6%8e%aa%e6%89%8b%e4%b8%8d%e5%8f%8a%ef%bc%8c%ef%bc%8c%ef%bc%8c/,<div class="entry-content"><div><img class="lazyload" data-src="https://www.oxmo.cn/?__ta=refer&amp;url=http%3A%2F%2Fs1.dwstatic.com%2Fgroup1%2FM00%2F7D%2F55%2F16101f1102bba7b09515efb9475b803d.gif" src="https://cdn.jsdelivr.net/gh/moezx/cdn@3.0.2/img/svg/loader/trans.ajax-spinner-preloader.svg" onerror="imgError(this)" alt=""></div> <noscript><img src="https://www.oxmo.cn/?__ta=refer&amp;url=http%3A%2F%2Fs1.dwstatic.com%2Fgroup1%2FM00%2F7D%2F55%2F16101f1102bba7b09515efb9475b803d.gif" class="aligncenter" alt=""></noscript></div>
贝克汉姆的新雕像！尴尬而不失礼貌的微笑。。……,https://www.oxmo.cn/gif/%e8%b4%9d%e5%85%8b%e6%b1%89%e5%a7%86%e7%9a%84%e6%96%b0%e9%9b%95%e5%83%8f%ef%bc%81%e5%b0%b4%e5%b0%ac%e8%80%8c%e4%b8%8d%e5%a4%b1%e7%a4%bc%e8%b2%8c%e7%9a%84%e5%be%ae%e7%ac%91%e3%80%82%e3%80%82/,<div class="entry-content"><div><img class="lazyload" data-src="https://www.oxmo.cn/?__ta=refer&amp;url=http%3A%2F%2Fs1.dwstatic.com%2Fgroup1%2FM00%2F44%2F4F%2F6cd8f50dd6c6fad0d0ac0c26e4bd84a8.gif" src="https://cdn.jsdelivr.net/gh/moezx/cdn@3.0.2/img/svg/loader/trans.ajax-spinner-preloader.svg" onerror="imgError(this)" alt=""></div> <noscript><img src="https://www.oxmo.cn/?__ta=refer&amp;url=http%3A%2F%2Fs1.dwstatic.com%2Fgroup1%2FM00%2F44%2F4F%2F6cd8f50dd6c6fad0d0ac0c26e4bd84a8.gif" class="aligncenter" alt=""></noscript></div>
你玩只狼像蔡徐坤！,https://www.oxmo.cn/gif/%e4%bd%a0%e7%8e%a9%e5%8f%aa%e7%8b%bc%e5%83%8f%e8%94%a1%e5%be%90%e5%9d%a4%ef%bc%81/,<div class="entry-content"><div><img class="lazyload" data-src="https://www.oxmo.cn/?__ta=refer&amp;url=http%3A%2F%2Fs1.dwstatic.com%2Fgroup1%2FM00%2F35%2FC4%2F5faa1d64b27b3923f4bd16508f480c85.gif" src="https://cdn.jsdelivr.net/gh/moezx/cdn@3.0.2/img/svg/loader/trans.ajax-spinner-preloader.svg" onerror="imgError(this)" alt=""></div> <noscript><img src="https://www.oxmo.cn/?__ta=refer&amp;url=http%3A%2F%2Fs1.dwstatic.com%2Fgroup1%2FM00%2F35%2FC4%2F5faa1d64b27b3923f4bd16508f480c85.gif" class="aligncenter" alt=""></noscript></div>
Missing,https://www.oxmo.cn/gif/page/9/,
这只蟋蟀，一看就知道是白狼希夫打了无数遍练出来的技术,https://www.oxmo.cn/gif/%e8%bf%99%e5%8f%aa%e8%9f%8b%e8%9f%80%ef%bc%8c%e4%b8%80%e7%9c%8b%e5%b0%b1%e7%9f%a5%e9%81%93%e6%98%af%e7%99%bd%e7%8b%bc%e5%b8%8c%e5%a4%ab%e6%89%93%e4%ba%86%e6%97%a0%e6%95%b0%e9%81%8d%e7%bb%83%e5%87%ba/,<div class="entry-content"><div><img class="lazyload" data-src="https://www.oxmo.cn/?__ta=refer&amp;url=http%3A%2F%2Fs1.dwstatic.com%2Fgroup1%2FM00%2F9E%2F42%2Fe96f0da10aa85fb04de264c4c4cedf5f.gif" src="https://cdn.jsdelivr.net/gh/moezx/cdn@3.0.2/img/svg/loader/trans.ajax-spinner-preloader.svg" onerror="imgError(this)" alt=""></div> <noscript><img src="https://www.oxmo.cn/?__ta=refer&amp;url=http%3A%2F%2Fs1.dwstatic.com%2Fgroup1%2FM00%2F9E%2F42%2Fe96f0da10aa85fb04de264c4c4cedf5f.gif" class="aligncenter" alt=""></noscript></div>
吸猫吸狗听多了，吸猪还是第一次见,https://www.oxmo.cn/gif/%e5%90%b8%e7%8c%ab%e5%90%b8%e7%8b%97%e5%90%ac%e5%a4%9a%e4%ba%86%ef%bc%8c%e5%90%b8%e7%8c%aa%e8%bf%98%e6%98%af%e7%ac%ac%e4%b8%80%e6%ac%a1%e8%a7%81/,<div class="entry-content"><div><img class="lazyload" data-src="https://www.oxmo.cn/?__ta=refer&amp;url=http%3A%2F%2Fs1.dwstatic.com%2Fgroup1%2FM00%2F85%2F3F%2Fa8eebd8a059f0122e81ddfdd42a93687.gif" src="https://cdn.jsdelivr.net/gh/moezx/cdn@3.0.2/img/svg/loader/trans.ajax-spinner-preloader.svg" onerror="imgError(this)" alt=""></div> <noscript><img src="https://www.oxmo.cn/?__ta=refer&amp;url=http%3A%2F%2Fs1.dwstatic.com%2Fgroup1%2FM00%2F85%2F3F%2Fa8eebd8a059f0122e81ddfdd42a93687.gif" class="aligncenter" alt=""></noscript></div>
如果你买不起跑步机。可以试试这样的。。,https://www.oxmo.cn/gif/%e5%a6%82%e6%9e%9c%e4%bd%a0%e4%b9%b0%e4%b8%8d%e8%b5%b7%e8%b7%91%e6%ad%a5%e6%9c%ba%e3%80%82%e5%8f%af%e4%bb%a5%e8%af%95%e8%af%95%e8%bf%99%e6%a0%b7%e7%9a%84%e3%80%82%e3%80%82/,<div class="entry-content"><div><img class="lazyload" data-src="https://www.oxmo.cn/?__ta=refer&amp;url=http%3A%2F%2Fs1.dwstatic.com%2Fgroup1%2FM00%2F15%2F34%2F9160a741358207490e6030f5c1d55c98.gif" src="https://cdn.jsdelivr.net/gh/moezx/cdn@3.0.2/img/svg/loader/trans.ajax-spinner-preloader.svg" onerror="imgError(this)" alt=""></div> <noscript><img src="https://www.oxmo.cn/?__ta=refer&amp;url=http%3A%2F%2Fs1.dwstatic.com%2Fgroup1%2FM00%2F15%2F34%2F9160a741358207490e6030f5c1d55c98.gif" class="aligncenter" alt=""></noscript></div>
《复仇者联盟3：无限战争》美队在瓦坎达奔跑一幕原来是这么拍的……,https://www.oxmo.cn/gif/%e3%80%8a%e5%a4%8d%e4%bb%87%e8%80%85%e8%81%94%e7%9b%9f3%ef%bc%9a%e6%97%a0%e9%99%90%e6%88%98%e4%ba%89%e3%80%8b%e7%be%8e%e9%98%9f%e5%9c%a8%e7%93%a6%e5%9d%8e%e8%be%be%e5%a5%94%e8%b7%91%e4%b8%80%e5%b9%95/,<div class="entry-content"><div><img class="lazyload" data-src="https://www.oxmo.cn/?__ta=refer&amp;url=http%3A%2F%2Fs1.dwstatic.com%2Fgroup1%2FM00%2F91%2F0E%2Fc152c0df5358c534c022bffa67ee4c1a.gif" src="https://cdn.jsdelivr.net/gh/moezx/cdn@3.0.2/img/svg/loader/trans.ajax-spinner-preloader.svg" onerror="imgError(this)" alt=""></div> <noscript><img src="https://www.oxmo.cn/?__ta=refer&amp;url=http%3A%2F%2Fs1.dwstatic.com%2Fgroup1%2FM00%2F91%2F0E%2Fc152c0df5358c534c022bffa67ee4c1a.gif" class="aligncenter" alt=""></noscript></div>
何老师，生活不容易吧。,https://www.oxmo.cn/gif/%e4%bd%95%e8%80%81%e5%b8%88%ef%bc%8c%e7%94%9f%e6%b4%bb%e4%b8%8d%e5%ae%b9%e6%98%93%e5%90%a7%e3%80%82/,<div class="entry-content"><div><img class="lazyload" data-src="https://www.oxmo.cn/?__ta=refer&amp;url=http%3A%2F%2Fs1.dwstatic.com%2Fgroup1%2FM00%2FE3%2F72%2Fe56af8fc59d9c0ebb10d0f6ee58376de.gif" src="https://cdn.jsdelivr.net/gh/moezx/cdn@3.0.2/img/svg/loader/trans.ajax-spinner-preloader.svg" onerror="imgError(this)" alt=""></div> <noscript><img src="https://www.oxmo.cn/?__ta=refer&amp;url=http%3A%2F%2Fs1.dwstatic.com%2Fgroup1%2FM00%2FE3%2F72%2Fe56af8fc59d9c0ebb10d0f6ee58376de.gif" class="aligncenter" alt=""></noscript></div>
小老弟你怎么肥事？是不是想打架？,https://www.oxmo.cn/gif/%e5%b0%8f%e8%80%81%e5%bc%9f%e4%bd%a0%e6%80%8e%e4%b9%88%e8%82%a5%e4%ba%8b%ef%bc%9f%e6%98%af%e4%b8%8d%e6%98%af%e6%83%b3%e6%89%93%e6%9e%b6%ef%bc%9f/,<div class="entry-content"><div><img class="lazyload" data-src="https://www.oxmo.cn/?__ta=refer&amp;url=http%3A%2F%2Fs1.dwstatic.com%2Fgroup1%2FM00%2F32%2F26%2F7f469a228249237c46e141eb18f3690f.gif" src="https://cdn.jsdelivr.net/gh/moezx/cdn@3.0.2/img/svg/loader/trans.ajax-spinner-preloader.svg" onerror="imgError(this)" alt=""></div> <noscript><img src="https://www.oxmo.cn/?__ta=refer&amp;url=http%3A%2F%2Fs1.dwstatic.com%2Fgroup1%2FM00%2F32%2F26%2F7f469a228249237c46e141eb18f3690f.gif" class="aligncenter" alt=""></noscript></div>
有人问我一个厕格如何让两个人同时上大号，这招真无解,https://www.oxmo.cn/gif/%e6%9c%89%e4%ba%ba%e9%97%ae%e6%88%91%e4%b8%80%e4%b8%aa%e5%8e%95%e6%a0%bc%e5%a6%82%e4%bd%95%e8%ae%a9%e4%b8%a4%e4%b8%aa%e4%ba%ba%e5%90%8c%e6%97%b6%e4%b8%8a%e5%a4%a7%e5%8f%b7%ef%bc%8c%e8%bf%99%e6%8b%9b/,<div class="entry-content"><div><img class="lazyload" data-src="https://www.oxmo.cn/?__ta=refer&amp;url=http%3A%2F%2Fs1.dwstatic.com%2Fgroup1%2FM00%2F51%2F9C%2F8874a8e7c73dde4e1c6305bdf0995bd2.gif" src="https://cdn.jsdelivr.net/gh/moezx/cdn@3.0.2/img/svg/loader/trans.ajax-spinner-preloader.svg" onerror="imgError(this)" alt=""></div> <noscript><img src="https://www.oxmo.cn/?__ta=refer&amp;url=http%3A%2F%2Fs1.dwstatic.com%2Fgroup1%2FM00%2F51%2F9C%2F8874a8e7c73dde4e1c6305bdf0995bd2.gif" class="aligncenter" alt=""></noscript></div>
才知道原来有这个功能的。，好人性化,https://www.oxmo.cn/gif/%e6%89%8d%e7%9f%a5%e9%81%93%e5%8e%9f%e6%9d%a5%e6%9c%89%e8%bf%99%e4%b8%aa%e5%8a%9f%e8%83%bd%e7%9a%84%e3%80%82%ef%bc%8c%e5%a5%bd%e4%ba%ba%e6%80%a7%e5%8c%96/,<div class="entry-content"><div><img class="lazyload" data-src="https://www.oxmo.cn/?__ta=refer&amp;url=http%3A%2F%2Fs1.dwstatic.com%2Fgroup1%2FM00%2F4A%2F72%2F010bc250d16ff7ce93cd640a7f72dde1.gif" src="https://cdn.jsdelivr.net/gh/moezx/cdn@3.0.2/img/svg/loader/trans.ajax-spinner-preloader.svg" onerror="imgError(this)" alt=""></div> <noscript><img src="https://www.oxmo.cn/?__ta=refer&amp;url=http%3A%2F%2Fs1.dwstatic.com%2Fgroup1%2FM00%2F4A%2F72%2F010bc250d16ff7ce93cd640a7f72dde1.gif" class="aligncenter" alt=""></noscript></div>
不知道的还以为变成奥特曼了！,https://www.oxmo.cn/gif/%e4%b8%8d%e7%9f%a5%e9%81%93%e7%9a%84%e8%bf%98%e4%bb%a5%e4%b8%ba%e5%8f%98%e6%88%90%e5%a5%a5%e7%89%b9%e6%9b%bc%e4%ba%86%ef%bc%81/,<div class="entry-content"><div><img class="lazyload" data-src="https://www.oxmo.cn/?__ta=refer&amp;url=http%3A%2F%2Fs1.dwstatic.com%2Fgroup1%2FM00%2F16%2FD7%2F8d529481fe88d78e52863f0521712cba.gif" src="https://cdn.jsdelivr.net/gh/moezx/cdn@3.0.2/img/svg/loader/trans.ajax-spinner-preloader.svg" onerror="imgError(this)" alt=""></div> <noscript><img src="https://www.oxmo.cn/?__ta=refer&amp;url=http%3A%2F%2Fs1.dwstatic.com%2Fgroup1%2FM00%2F16%2FD7%2F8d529481fe88d78e52863f0521712cba.gif" class="aligncenter" alt=""></noscript></div>
看来这车的抗撞击能力还不够强，我不买了,https://www.oxmo.cn/gif/%e7%9c%8b%e6%9d%a5%e8%bf%99%e8%bd%a6%e7%9a%84%e6%8a%97%e6%92%9e%e5%87%bb%e8%83%bd%e5%8a%9b%e8%bf%98%e4%b8%8d%e5%a4%9f%e5%bc%ba%ef%bc%8c%e6%88%91%e4%b8%8d%e4%b9%b0%e4%ba%86/,<div class="entry-content"><div><img class="lazyload" data-src="https://www.oxmo.cn/?__ta=refer&amp;url=http%3A%2F%2Fs1.dwstatic.com%2Fgroup1%2FM00%2FE4%2F2D%2F61f6f2b9ab03f57cf0813858b921477f.gif" src="https://cdn.jsdelivr.net/gh/moezx/cdn@3.0.2/img/svg/loader/trans.ajax-spinner-preloader.svg" onerror="imgError(this)" alt=""></div> <noscript><img src="https://www.oxmo.cn/?__ta=refer&amp;url=http%3A%2F%2Fs1.dwstatic.com%2Fgroup1%2FM00%2FE4%2F2D%2F61f6f2b9ab03f57cf0813858b921477f.gif" class="aligncenter" alt=""></noscript></div>
双胞胎姐妹在妈妈肚子里打架……居然是这样的！,https://www.oxmo.cn/gif/%e5%8f%8c%e8%83%9e%e8%83%8e%e5%a7%90%e5%a6%b9%e5%9c%a8%e5%a6%88%e5%a6%88%e8%82%9a%e5%ad%90%e9%87%8c%e6%89%93%e6%9e%b6%e5%b1%85%e7%84%b6%e6%98%af%e8%bf%99%e6%a0%b7%e7%9a%84%ef%bc%81/,<div class="entry-content"><div><img class="lazyload" data-src="https://www.oxmo.cn/?__ta=refer&amp;url=http%3A%2F%2Fs1.dwstatic.com%2Fgroup1%2FM00%2F0F%2F4A%2Fb12d6ee5f382971c3302ccc7ed0cad65.gif" src="https://cdn.jsdelivr.net/gh/moezx/cdn@3.0.2/img/svg/loader/trans.ajax-spinner-preloader.svg" onerror="imgError(this)" alt=""></div> <noscript><img src="https://www.oxmo.cn/?__ta=refer&amp;url=http%3A%2F%2Fs1.dwstatic.com%2Fgroup1%2FM00%2F0F%2F4A%2Fb12d6ee5f382971c3302ccc7ed0cad65.gif" class="aligncenter" alt=""></noscript></div>
以后小学生的单子，我不接了！,https://www.oxmo.cn/gif/%e4%bb%a5%e5%90%8e%e5%b0%8f%e5%ad%a6%e7%94%9f%e7%9a%84%e5%8d%95%e5%ad%90%ef%bc%8c%e6%88%91%e4%b8%8d%e6%8e%a5%e4%ba%86%ef%bc%81/,<div class="entry-content"><div><img class="lazyload" data-src="https://www.oxmo.cn/?__ta=refer&amp;url=http%3A%2F%2Fs1.dwstatic.com%2Fgroup1%2FM00%2F5C%2F78%2Fe15d9298c9ee5e44412cfb70ff905d77.gif" src="https://cdn.jsdelivr.net/gh/moezx/cdn@3.0.2/img/svg/loader/trans.ajax-spinner-preloader.svg" onerror="imgError(this)" alt=""></div> <noscript><img src="https://www.oxmo.cn/?__ta=refer&amp;url=http%3A%2F%2Fs1.dwstatic.com%2Fgroup1%2FM00%2F5C%2F78%2Fe15d9298c9ee5e44412cfb70ff905d77.gif" class="aligncenter" alt=""></noscript></div>
打个架还有人伴舞，讲究。,https://www.oxmo.cn/gif/%e6%89%93%e4%b8%aa%e6%9e%b6%e8%bf%98%e6%9c%89%e4%ba%ba%e4%bc%b4%e8%88%9e%ef%bc%8c%e8%ae%b2%e7%a9%b6%e3%80%82/,<div class="entry-content"><div><img class="lazyload" data-src="https://www.oxmo.cn/?__ta=refer&amp;url=http%3A%2F%2Fs1.dwstatic.com%2Fgroup1%2FM00%2FEB%2FFA%2F8fdb1db10f517340025caf94f2056d60.gif" src="https://cdn.jsdelivr.net/gh/moezx/cdn@3.0.2/img/svg/loader/trans.ajax-spinner-preloader.svg" onerror="imgError(this)" alt=""></div> <noscript><img src="https://www.oxmo.cn/?__ta=refer&amp;url=http%3A%2F%2Fs1.dwstatic.com%2Fgroup1%2FM00%2FEB%2FFA%2F8fdb1db10f517340025caf94f2056d60.gif" class="aligncenter" alt=""></noscript></div>
